NAME,PRIORNAME1,FED_RSS_ID,UNINUM,WEBADDR,ZIP,CHARTER_NUMBER
Alliant Credit Union,,,,http://www.alliantcreditunion.org,60666,67955
Ergo Bank,Farmers State Bank,599643,6394,www.ergobank.com,53946,
Woodford State Bank,,93244,6400,www.woodfordstatebank.com,53566,
The Portage County Bank,Portage County Bank,12647,6401,http://www.PORTAGECOUNTYBANK.COM,54909,
Security Bank,Bank of New Auburn,20053,6404,www.securityonlinebank.com,54757,
National Exchange Bank and Trust,National Exchange Bank and Trust of Fond du Lac,722544,6419,https://www.nebat.com,54935,
Isabella Bank,Isabella Bank and Trust,74140,664,www.isabellabank.com,48858,
First Southern Bank,The Patterson Bank,631039,6427,www.fsb-bank.bank,31501,
Bank of Hancock County,Bank of Siloam,37,6429,www.bankofhancock.com,31087,
Planters and Citizens Bank,,132938,6440,http://www.pcbank.net,31730,
Apex Banking Company of Georgia,Wilkinson County Bank,102333,6442,www.apexga.bank,30528,
Peoples State Bank of Colfax,State Bank of Cooksville,33839,6443,http://www.psbofcolfax.com,61728,
Farmers State Bank of Emden,,860231,6444,,62635,
Bank Michigan,OSB Community Bank,382742,667,http://www.bankmichigan.bank,49230,
The Napoleon State Bank,THE NAPOLEON STATE BANK,944047,6459,www.napoleonstatebank.com,47034,
Ohnward Bank & Trust,Baldwin Savings Bank,761543,6465,www.ohnwardbank.bank,52033,
Leighton State Bank,Farmers Savings Bank,936640,6471,www.leightonbank.com,50219,
American Trust and Savings Bank,,675341,6473,www.atsb-lowden.com,52255,
Liberty Trust & Savings Bank,,644646,6474,www.mylibertytrust.com,52747,
Farmers Savings Bank & Trust,Farmers Savings Bank,368344,6475,http://www.fsb-traer.com,50675,
Citizens Savings Bank,,758842,6478,www.citizensbankia.com,52205,
Success Bank,Davis County Savings Bank,179148,6480,www.success.bank,52537,
Exchange State Bank,,805045,6484,www.esb1.com,50010,
The Commercial Bank of Grayson,,812614,6488,cbgrayson.com,41143,
ChoiceOne Bank,Sparta State Bank,324340,672,www.choiceone.bank,49345,
Hart County Bank and Trust Company,Hart County Deposit Bank,456344,6494,,42765,
The Shelby State Bank,The State Bank of Hesperia,961343,6499,www.shelbybank.com,49455,
First State Bank and Trust,First State Bank of Bayport,144856,6500,https://www.fsbt.com,55003,
VersaBank USA National Association,Stearns Bank Holdingford National Association,1011656,6501,www.versabankusa.com,56340,
First State Bank Minnesota,First State Bank of Le Roy,60554,6503,www.fsbminnesota.com,55951,
Security State Bank of Marine,,990053,6504,www.themarinebank.com,55047,
Farmers and Merchants State Bank of Pierz,,728957,6506,www.fmpierz.com,56364,
Citizens State Bank of Roseau,,822051,6508,www.citizensros.com,56751,
First Farmers & Merchants Bank,White Rock Bank,217059,6509,www.ffmbank.com,55009,
Sherburne State Bank,Santiago State Bank,198251,6510,www.sherburnestatebank.com,55308,
Farmers State Bank of Underwood,,865852,6515,www.farmerstbank.com,56586,
Security State Bank of Hibbing,The Security State Bank of Hibbing,950356,6516,www.ssbhibbing.com,55746,
Produce State Bank,Produce State Bank of Hollandale,24659,6519,www.producestatebank.com,56045,
Elysian Bank,Elysian State Bank (Incorporated),13251,6525,www.elysianbank.net,56028,
The Northern State Bank of Gonvick,,75455,6527,www.nsbgonvick.com,56644,
PrinsBank,Prinsburg State Bank,787459,6530,www.prinsbank.com,56281,
Pine River State Bank,,729057,6533,www.pineriverstatebank.com,56474,
Hometown Community Bank,State Bank of Cyrus,156457,6536,www.hcbmn.com,56323,
State Bank of Jeffers,,1014255,6539,statebankofjeffers.com,56145,
Lowry State Bank,,457,6541,www.lowrystate.bank,56349,
Commerce Bank,Geneva State Bank,49054,6551,http://www.cbmn.bank,56035,
Vermillion State Bank,,208057,6552,WWW.VERMILLIONBANK.COM,55085,
Citizens Bank & Trust Co.,Citizens Bank,56258,6555,http://www.cbhutch.com,55350,
"Clare Bank, National Association",State National Bank of Platteville,988144,678,www.clarebank.com,53818,
The Goose River Bank,,821157,6562,www.gooseriverbank.com,58257,
First State Bank of Golva,,931159,6566,fsbofgolva.com,58632,
First International Bank & Trust,First International Bank,236153,6569,www.fibt.com,58854,
Peoples State Bank of Velva,,713252,6571,www.psbvelva.com,58790,
First Security Bank - West,Bank of Beulah,969059,6573,www.firstsecuritybanks.com,58523,
The Old Fort Banking Company,,564324,6575,http://www.oldfortbank.com,44861,
The Citizens Bank Company,,1010015,6579,www.thecitizens.com,45715,
Fm Bank And Trust,Farmers Bank and Trust Company,33147,683,www.fbtbly.com,72315,
FBT Bank & Mortgage,Fordyce Bank & Trust Co.,314444,684,www.fbtbank.com,71742,
The Farmers and Merchants Bank,,760210,6590,www.thefarmersmerchants.bank,43724,
Builtwell Bank,Marion Trust & Banking Company,234739,6601,www.builtwell.bank,37402,
The Bank of Fayette County,The Bank of Moscow,466754,6602,www.thebank1905.com,38017,
Bank of Halls,,145059,6606,www.bankofhalls.com,38040,
Citizens Bank and Trust Company of Grainger County,Citizens Bank and Trust Company,715630,6608,www.cbtgrainger.com,37861,
Citizens Savings Bank and Trust Company,,55635,6610,www.bankcbn.com,37208,
Citizens State Bank of Luling,,954653,6616,www.csbsa.com,78648,
Commercial State Bank,,1017564,6617,www.csbpalmer.com,75152,
Schertz Bank & Trust,Schertz State Bank,583268,6623,www.schertzbank.com,78154,
Peoples State Bank,,586960,6624,www.psbtexas.com,77371,
Crowell State Bank,,701857,6630,WWW.CROWELLSTATEBANK.COM,79227,
Citizens and Farmers Bank,,928421,6639,www.cffc.com,23181,
Banner Banks,The Bank of Birnamwood,453147,6646,WWW.BANNERBANKS.COM,54414,
The Bank of New Glarus,,797140,6649,www.thebankofnewglarus.bank,53574,
Oostburg State Bank,,248745,6651,www.oostburgstate.bank,53070,
Farmers & Merchants Bank & Trust,Farmers and Merchants Bank of Marinette,672247,6653,http://www.fmmarinette.com,54143,
State Bank Financial,State Bank of La Crosse,2631172,6654,www.statebankfinancial.bank,54601,
Waumandee State Bank,,780955,6655,http://www.waumandeebank.com,54622,
Midland States Bank,Effingham State Bank,773247,693,www.midlandsb.com,62401,
The Farmers State Bank of Brush,,621151,6656,www.fsbbrushakron.com,80723,
State Bank of Graymont,,937339,6668,www.sbofgray.com,61743,
First State Bank of Olmsted,,413347,6671,www.firststatebank-olmsted.com,62970,
Raritan State Bank,,749943,6672,www.raritanstatebank.com,61471,
"Frederick Community Bank, The",Cissna Park State Bank,687830,6679,www.tfcbanks.com,60957,
Farmers State Bank & Trust Co.,The Farmers State Bank of Mt. Sterling,510947,6688,www.fsb-tc.com,62353,
Town & Country Bank Midwest,South Side Bank of Quincy,349343,6690,www.tcbankmidwest.com,62301,
Middletown State Bank,,770545,6692,http://middletownstatebank.com,62666,
Federated Bank,Federated Bank of Onarga,640143,6693,www.federatedbank.com,60955,
The Gifford State Bank,The Morse State Bank of Gifford,557438,6695,www.giffordbank.com,61847,
Farmers & Merchants Bank of Hutsonville,,724940,6697,,62433,
Bank & Trust Company,Litchfield Bank and Trust Company,496845,700,www.banktr.com,62056,
Camp Grove State Bank,,302133,6698,www.campgrovestatebank.com,61424,
Ipava State Bank,,760434,6700,www.ipavastatebank.com,61542,
Citizens State Bank,Citizens State Bank of Lena,356239,6701,http://www.csbnow.com,61048,
First National Bank of Steeleville,State Bank of Steeleville,129349,701,www.bankatfnb.com,62288,
Farmers and Merchants Savings Bank,Farmers & Merchants Savings Bank,673244,6713,www.fmbankonline.com,52246,
Mount Vernon Bank and Trust Company,,890649,6714,www.mountvernonbank.com,52314,
Iowa State Bank,Sac City State Bank,298049,6717,https://www.myisb.bank,50583,
Bank of Cave City,,629148,85,www.bankofcavecity.com,72521,
Farmers Savings Bank,,380346,6720,www.fsbwever.com,52658,
The First State Bank,,275657,6723,http://www.fsbnesscity.com,67560,
The Kansas State Bank,,287959,6724,http://www.MyKansasStateBank.com,66067,
The Citizens Bank,,962313,6735,www.tcbanytime.com,40351,
Bank of Commerce & Trust Co.,,476539,6738,https://www.bankofcommerceandtrust.com,70526,
"Exchange Bank and Trust Company, Natchitoches, Louisiana",Exchange Bank of Natchitoches,985451,6743,www.exchange-bank.com,71457,
Citizens Progressive Bank,,732253,6744,cpbonline.com,71295,
CLB The Community Bank,Catahoula Bank,930853,6745,www.clbbank.com,71343,
Winnsboro State Bank & Trust Company,,628552,6746,WWW.WINNSBOROBANK.COM,71295,
Arcadian Bank,Farmers State Bank of Hartland,1007752,6762,www.arcadian.bank,56042,
United Minnesota Bank,First State Bank of New London,842853,6768,www.umbnl.com,56273,
Farmers and Merchants State Bank of Alpha,Farmers & Merchants State Bank,388753,6772,famstatebankofalpha.com,56111,
First Southeast Bank,Harmony State Bank,22552,6777,http://www.firstsoutheastbank.com,55939,
Midwest BankCentre,Lemay Bank & Trust Company,657459,708,www.midwestbankcentre.com,63125,
Bank of Franklin,,68831,6790,www.bankoffranklin.com,39653,
Community First Bank,"Citizens Bank of Appleton City, Missouri",756848,6791,www.communityfirstbank.net,64730,
TBO Bank,The Bank of Orrick,1003950,6792,www.tbobank.com,64077,
Wood & Huston Bank,,671558,710,www.woodhuston.com,65340,
UNICO Bank,Irondale Bank,975153,6798,www.unicobank.com,63660,
BTC Bank,The Bethany Trust Company,1009242,6805,btcbank.bank,64424,
Hawthorn Bank,Union State Bank of Clinton,508346,6806,WWW.HAWTHORNBANK.COM,65101,
State Bank of Missouri,Alma Bank of Concordia,565844,6809,http://www.gostatebank.com,64020,
Bank of New Cambria,,879550,6811,www.banknewcambria.com,63558,
Preferred Bank,Bank of Rothville,252452,6812,mypfbank.com,64676,
Pinnacle Bank,Banking House of A. W. Clarke,913856,6817,www.pinnbank.com,68508,
The Bank of Steinauer,,384353,6818,www.bankofsteinauer.com,68441,
First Central Bank,The Cambridge State Bank,134156,6820,http://www.firstcentral.com,69022,
Flatwater Bank,The Gotenburg State Bank and Trust Company,493152,6821,www.flatwater.bank,69138,
Riverstone Bank,The Bank of Talmage,388557,6823,WWW.BANKRIVSERSTONE.COM,68347,
Dundee Bank,Security State Bank,397559,6825,www.dundeebank.com,68132,
American Exchange Bank,,1014451,6829,www.aebank.com,68349,
The Andover Bank,,27614,6839,www.andover.bank,44003,
Mabrey Bank,Citizens Security Bank & Trust Company,139553,6842,www.mabreybank.com,74008,
The Exchange Bank,,316859,6846,www.exb-ok.com,74070,
Bank of Hydro,,291059,6848,http://www.bankofhydro.com,73048,
"Jonestown Bank and Trust Company, of Jonestown, Pennsylvania",,653611,6851,www.jbt.bank,17038,
Cass Commercial Bank,Cass Bank & Trust Company,177751,717,www.cassbank.com,63131,
Central Penn Bank & Trust,Mifflinburg Bank and Trust Company,779016,6856,www.mbtc.com,17844,
The Merchants & Planters Bank,,691042,86,,72029,
Avana Bank,First State Bank,498456,6867,www.avana.bank,79602,
Crossroads Bank,First State Bank,564463,6869,www.crbanktx.com,77995,
Peoples State Bank of Hallettsville,,530851,6877,www.psbhallettsville.com,77964,
Lindell Bank & Trust Company,Lindell Trust Company,185859,722,www.lindellbank.com,63139,
Independence State Bank,State Bank of Independence,396057,6892,www.independencestatebank.com,54747,
Illini State Bank,Tonica State Bank,180845,6898,http://www.illinistatebank.com,61348,
Community Bank,State Bank Winslow-Warren,430344,6900,www.cbcommunitybank.com,61089,
First State Bank of Campbell Hill,,698546,6906,www.fsbch.com,62916,
Dewey Bank,Dewey State Bank,846132,6909,www.deweybank.com,61840,
Du Quoin State Bank,,823142,6910,www.duquoinstatebank.com,62832,
First State Bank of Van Orin,,472148,6913,http://vanorinbank.com,61374,
Grand Rivers Community Bank,The First State Bank of Grand Chain,226949,6919,www.grandriverscommunitybank.com,62941,
State Bank of Industry,,944935,6923,www.statebankofindustry.com,61440,
Clay County State Bank,,498942,6924,www.claycobank.com,62858,
"Petefish, Skiles & Co.",,602543,6928,https://www.petefishskiles.com,62691,
"The First Trust and Savings Bank of Watseka, Illinois",,193649,6929,www.ftsbank.com,60970,
Campus State Bank,,424437,6933,www.campustatebank.com,60920,
Citizens Bank of Chatsworth,,441135,6936,www.bankatcbc.com,60921,
Buena Vista National Bank,Buena Vista National Bank of Chester,621441,6937,www.bvnb.com,62233,
The Clay City Banking Co.,,623548,6938,www.claycitybanking.bank,62824,
Tompkins State Bank,,609832,6939,www.tompkinsstatebank.com,61415,
West Central Bank,State Bank of Ashland,920733,6943,www.westcentralbank.com,62612,
State Bank of Bement,,439730,6944,www.bankbement.com,61813,
Anderson State Bank,,916343,6947,www.andersonstatebank.com,61467,
The Bank of Versailles,,625850,731,bankov.com,65084,
Murphy-Wall State Bank and Trust Company,,478140,6948,www.murphywall.com,62274,
First State Bank of Beecher City,,601041,6955,www.fsbbc.com,62414,
Chesterfield State Bank,,767246,6956,,62630,
Waterman Bank,Waterman State Bank,604640,6960,www.watermanbank.com,60556,
Eagle Valley Bank,Bank of Bluffs,695947,6965,www.eaglevalley.bank,62340,
Legence Bank,First State Bank of Eldorado,635840,6967,www.legencebank.com,62930,
Horatio State Bank,Bank of Gillham,458142,88,www.horatiostatebank.com,71842,
Upper Peninsula State Bank,State Bank of Escanaba,236957,735,http://www.upstatebank.net,49829,
Central State Bank,,607146,6982,www.centralstatebankia.com,50247,
The Baldwin State Bank,,997155,6984,https://www.baldwinstatebank.com,66006,
Guaranty State Bank and Trust Company,"The Guaranty State Bank, Beloit, Kansas",1009756,6985,www.guarantystate.com,67420,
Grant County Bank,The Grant County State Bank,207452,6991,www.gcbks.bank,67880,
The State Bank of Bern,,1013650,6992,Statebankofbern.com,66408,
Baybank,BayBank,242958,737,http://baybank.us,49837,
The Fidelity State Bank and Trust Company,Fidelity State Bank,638850,6993,www.fidelitybankdc.com,67801,
The Miners State Bank,The Miners' State Bank of Iron River,255350,6999,www.theminersstatebank.com,49935,
Central Savings Bank,,382050,740,www.centralsavingsbank.com,49783,
Northview Bank,First State Bank of Finlayson,16551,7013,http://www.northviewbank.com,55072,
United Prairie Bank,Farmers State Bank of Mountain Lake,712059,7015,www.unitedprairiebank.com,56159,
Janesville State Bank,,88259,7016,http://www.janesvillestatebank.com,56048,
Grand Rapids State Bank,,1003558,7018,http://www.grsb.bank,55744,
Lake Region Bank,Farmers' State Bank of New London,164153,7020,www.lakeregion.com,56273,
"F & M Community Bank, National Association",F & M Bank of Preston,171759,7022,www.fmcommunity.com,55965,
Randall State Bank,,172251,7023,www.randallstatebank.com,56475,
Prime Security Bank,The State Bank of Strandquist,909756,7025,www.primesecurity.com,56732,
Alliance Bank,Lake City Bank and Trust Company,166652,7027,www.alliancebanks.com,55041,
Center National Bank,First State Bank of Litchfield,1017957,7030,www.centernationalbank.com,55355,
Root River State Bank,First State Bank of Chatfield,309851,743,www.rootriverstatebank.com,55923,
ESB Bank,Eitzen State Bank,40855,7033,https://www.esbbanking.com,55921,
Security State Bank of Oklee,,814355,7035,www.ssboklee.com,56742,
Security Bank Minnesota,Security State Bank of Albert Lea,295057,7036,http://www.securitybankmn.com,56007,
Stearns Bank National Association,Stearns County National Bank of Albany,141556,7040,www.stearnsbank.com,56301,
Lake Central Bank,Annandale State Bank,269058,7041,www.lakecentralbank.com,55302,
First State Bank of Bigfork,First State Bank of Big Fork,364850,7042,www.fsbbigfork.com,56628,
Bonanza Valley State Bank,State Bank of Brooten,107758,7044,www.bvsb.bank,56316,
FM Bank,Granite Falls Bank,20857,7048,mybankfm.com,56093,
Bank OZK,"Bank of the Ozarks, nwa",107244,89,http://www.ozk.com,72223,
Peoples State Bank of Plainview,,786555,745,www.peoplesstatebank.com,55964,
St. Clair County State Bank,Johnson Lucas Banking Company,692450,7052,https://www.sccsbank.com,64776,
Grand Missouri Bank,"Farmers State Bank, S/B",365950,7053,www.grandmissouri.bank,65613,
The First State Bank of Shelby,,686758,7060,www.fsbshelby.com,59474,
Peapack Private Bank & Trust,Peapack-Gladstone Bank,236706,7072,www.peapackprivate.com,07921,
First Interstate Bank,"First Interstate Bank of Billings, National Association",659855,748,www.firstinterstatebank.com,59101,
First-Citizens Bank & Trust Company,,491224,10,11063,7078,
Somerset Trust Company,,212522,7096,somersettrust.com,15501,
Hamlin Bank and Trust Company,,291611,7097,www.hamlinbank.com,16749,
S&T Bank,The Savings & Trust Company of Indiana,936426,7103,http://www.stbank.com,15701,
Farmers State Bank of Canton,,91950,7105,www.cantonfarmersstatebank.com,57013,
Texas Champion Bank,The Bank of Alice,579364,7121,http://www.texaschampionbank.com,78413,
American Bank & Trust,American State Bank,275358,760,www.abt.bank,57108,
The First State Bank,,305059,7134,www.fsbabernathy.net,79311,
"Transpecos Banks, SSB","The Security State Bank of Pecos, Texas",908861,7136,www.transpecos.bank,79772,
"Citizens State Bank, of Arlington",,274856,761,www.csbarlington.com,57212,
First State Bank of Brownsboro,,229454,7138,www.fsbbrownsboro.com,75756,
First Fidelity Bank,Burke State Bank,80150,764,www.ffb-sd.com,57523,
First Community Bank,The Farmers Bank,742542,7161,www.fcbmilton.com,53563,
First Citizens State Bank,"The First Citizens State Bank of Whitewater, Wisconsin",831642,7164,www.firstcitizensww.com,53190,
Bank of Milton,,426945,7166,www.bankofmilton.com,53563,
Bonduel State Bank,,35646,7168,www.bonduelbank.com,54107,
Horicon Bank,Horicon State Bank,528849,7169,www.horiconbank.com,53032,
Centennial Bank,First State Bank,456045,7173,http://www.my100bank.com,72032,
Producers Bank & Trust,McGehee Bank,897648,7174,www.mcgeheebank.com,71654,
Bank of Salem,,931047,7175,www.bksalem.net,72576,
Merchants State Bank,,289757,767,www.msb-sd.com,57029,
The First National Bank of Izard County,State Bank of Calico Rock,379649,7180,www.fnbizardcounty.com,72519,
The Gunnison Bank and Trust Company,,502559,7186,www.gunnisonbank.com,81230,
McClave State Bank,McClave State Bank of McClave,399357,7188,http://www.mcclavebank.com,81057,
The Citizens Bank of Swainsboro,,268136,7209,www.cbs-lc.com,30401,
"Farmers State Bank of Alto Pass, Ill.",,856346,7213,http://www.myfsb.com,62905,
First State Bank of St. Peter,,426141,7216,www.fsbstpeter.com,62880,
FNBC Bank & Trust,State Bank of Illinois,608844,7219,www.fnbcbt.com,60525,
Farmers State Bank,,477648,7220,www.farmersstate.com,62363,
The Bank of Herrin,Carterville State and Savings Bank,835444,7222,WWW.BANKOFHERRIN.BANK,62948,
The Iuka State Bank,,233442,7227,www.iukabank.com,62881,
Longview Community Bank,The Farmers Bank of Mt. Pulaski,830645,7228,www.longviewcb.com,62548,
Farmers and Merchants State Bank of Bushnell,,321330,7232,www.bushnellbank.com,61422,
Ashton State Bank,,821643,7245,http://www.ashtonstatebank.com,51232,
Grinnell State Bank,,783246,7248,www.grinnell.bank,50112,
Sanborn Savings Bank,,595944,7253,www.sanbornbank.com,51248,
Bedford Loan & Deposit Bank,,696047,7255,www.bedfordbank.com,40006,
"Cumberland Security Bank, Inc.",The First State Bank,202514,7257,http://www.csbweb.com,42501,
Highpoint Community Bank,The Hastings City Bank,750341,7283,WWW.HIGHPOINTCOMMUNITYBANK.COM,49058,
Valley Premier Bank,State Bank of Hawley,1008955,7284,www.valleypremierbank.com,56549,
The Colorado Bank and Trust Company of La Junta,The Colorado Savings & Trust Company,285151,779,wwww.colobank.com,81050,
Rushford State Bank (Incorporated),,884657,7285,www.rushfordstatebank.com,55971,
Harvest Bank,State Bank of Kimball,28152,7287,www.harvestbank.com,55353,
Welcome State Bank,,215653,7289,www.welcomestatebank.com,56181,
Bank of Yazoo City,,118736,7300,http://www.bankofyazoo.com,39194,
The Jefferson Bank,The Jefferson County Bank of Fayette,703039,7308,www.thejeffersonbank.com,38703,
Unity Bank of Mississippi,Merchants & Farmers Bank,837840,7309,unityms.bank,38635,
Century Bank,Bank of Lucedale,58636,7311,centurybank.net,39452,
Mid America Bank,Meta State Bank,873259,7319,http://www.midambk.com,65101,
Independent Farmers Bank,Farmers Bank of Maysville,956152,7322,www.farmbank.net,64469,
The Citizens-Farmers Bank of Cole Camp,,385547,7323,www.citizensfarmersbank.com,65325,
Tri-County Trust Company,,835659,7325,www.tricountytrust.com,65254,
HomePride Bank,Bank of Mansfield,747051,7326,www.homepridebank.com,65704,
The Peoples Bank,,530655,784,www.tpb.bank,67124,
Thayer County Bank,,157155,7332,http://www.thayercountybank.com,68370,
Auburn State Bank,The Auburn State Bank,979151,7333,www.auburnstatebank.com,68305,
Homestead Bank,The Cozad State Bank,140157,7338,www.homestead.bank,69130,
The Citizens Bank of Clovis,,710859,7346,www.cbcnm.bank,88101,
InBank,International State Bank,209858,7347,www.inbank.com,87740,
First National Bank of Scotia,Glenville Bank,472616,7349,http://www.firstscotia.com,12302,
The Fidelity Bank,Bank of Fuquay,584920,7353,www.fidelitybanknc.com,27526,
Security First Bank of North Dakota,Security State Bank of New Salem,693952,7361,www.securityfirstbank.bank,58563,
Chickasaw Community Bank,First State Bank in Davidson,64552,7362,www.ccb.bank,73142,
Liberty National Bank,Bank of Elgin,68756,7363,www.WeAreLiberty.bank,73501,
Cowboy Bank,The Bank of Kremlin,883959,7366,www.cowboy.bank,73753,
"The First State Bank of Pond Creek, Oklahoma",,644057,7367,http://www.fsbpondcreek.com,73766,
Enterprise Bank of South Carolina,The Enterprise Bank,457426,7372,https://ebsc.bank,29081,
First State Bank of Burnet,,303653,7385,http://https://www.fsbburnet.com,78611,
First State Bank and Trust Company,First State Bank,1012251,7387,www.fsbcarthage.com,75633,
Alliance Bank,Sulphur Springs State Bank,176464,7391,www.alliancebank.com,75482,
Global One Bank,Chappell Hill Bank,748357,7392,www.globalonebank.com,77055,
Burke & Herbert Bank & Trust Company,,933621,7397,www.burkeandherbertbank.com,22314,
The Bank of Southside Virginia,"The Bank of Southside, Virginia",610128,7399,www.bsvnet.com,23830,
Lee Bank and Trust Company,,661223,7400,www.leebank24.com,24277,
Community First Bank,Boscobel State Bank,175140,7409,www.cfbank.com,53805,
Laona State Bank,,178150,7414,WWW.LAONASTATEBANK.COM,54541,
BLC Community Bank,Bank of Little Chute,578741,7419,www.blccb.com,54140,
The Greenwood's State Bank,Greenwoods State Bank,576644,7431,www.bankcmg.com,53717,
Wahoo State Bank,,662350,795,www.wahoostatebank.com,68066,
The Citizens Bank,The Citizens Bank of Aztec,961259,796,www.cbnm.com,87401,
The First Bank of Okarche,,918150,797,http://www.firstbankokarche.com,73762,
D. L. Evans Bank,"D. L. Evans & Company, Bankers",543262,7454,dlevans.com,83318,
Vermilion Valley Bank,State Bank of Piper City,666844,7455,www.vermilionvalleybank.com,60959,
First State Bank of Forrest,,980438,7456,http://wwwfsbforrest.com,61741,
Uinta Bank,Uinta County State Bank,85052,799,www.uintabank.com,82939,
Central Bank Illinois,"Central Trust & Savings Bank of Geneseo, Illinois",931038,7457,central-bank.com,61254,
Warren-Boynton State Bank,,837448,7461,www.wbsb.com,62670,
Farmers State Bank of Western Illinois,Farmers State Bank of Alpha,653433,7465,http://www.fsbwil.com,61413,
Anchor State Bank,,655530,7466,anchorstatebank.com,61720,
Anna State Bank,,691743,7467,https://www.annastate.com,62906,
State Bank of Cherry,,258539,7471,www.statebankofcherry.com,61317,
Sundance State Bank,,94755,801,www.sundancestate.bank,82729,
Goodfield State Bank,,936837,7478,www.goodfieldstatebank.com,61742,
Shelby County State Bank,,235446,7481,www.scs-bank.com,62565,
1st Community Bank,State Bank of Sherrard,338945,7485,http://www.1stcommunitybanks.com,61281,
Teutopolis State Bank,,134848,7486,www.teutopolisstatebank.com,62467,
Bank of Rantoul,Fowler State Bank,37949,7488,https://www.bankofrantoul.bank,61866,
Bank of Yates City,,371849,7489,http://www.bankofyatescity.com,61572,
Hartsburg State Bank,,799939,7490,,62643,
Liberty Bank,The Farmers Bank of Liberty,371942,7493,www.liberty.bank,62347,
"The Peoples State Bank of Newton, Illinois",,326344,7496,www.psbnewton.com,62448,
CIBM Bank,Central Illinois Bank,340742,7501,www.cibmbank.com,61821,
Fairview State Banking Company,,601032,7502,http://www.fairviewstate.com,61432,
Bank of Farmington,,976534,7503,http://www.bankoffarmington.com,61531,
Flanagan State Bank,,979133,7504,www.flanaganstatebank.com,61740,
BankOrion,State Bank of Orion,855741,7508,http://WWW.BANKORION.COM,61273,
Solutions Bank,Forreston State Bank,927134,7509,www.solutions.bank,61030,
Iroquois Farmers State Bank,,1007930,7511,www.iroqbank.com,60945,
The Farmers State Bank and Trust Company,,481944,7512,http://www.fsbtco.com,62650,
Bank of Kampsville,,487142,7514,www.thebankofkampsville.com,62053,
Citizens State Bank,,212344,7520,http://www.csbwyoming.com,52362,
VISIONBANK OF IOWA,City State Bank,269049,7523,www.visionbank.com,50010,
Sibley State Bank,,598543,7524,http://www.sibleystatebank.com,51249,
FreedomBank,Farmersburg Savings Bank,652043,7525,www.freedombnk.com,52043,
Availa Bank,Carroll County State Bank,859141,7528,www.availa.bank,51401,
Commercial Bank,Parsons Commercial Bank,296559,7532,commercialbank.net,67357,
"Citizens State Bank and Trust Co., Ellsworth, Kansas",Citizens State Bank,733951,7533,WWW.CSBANC.COM,67439,
Bank of Abbeville & Trust Company,,213538,7536,www.bankofabbeville.com,70510,
Caldwell Bank & Trust Company,,925354,7538,caldwellbankandtrust.com,71418,
Bank of Sunset and Trust Company,,910239,7541,www.bankofsunset.com,70584,
Franklin State Bank & Trust Company,,1006652,7544,www.fsbnet.com,71295,
United Bank of Michigan,United Community Bank,150044,7552,http://www.unitedbank4u.com,49546,
Huron Community Bank,Michigan Bank - Huron,475345,7554,www.bankhcb.com,48730,
Cadence Bank,BancorpSouth Bank,606046,7557,www.cadencebank.com,38804,
Richton Bank & Trust Company,,40033,7560,www.richtonbank.com,39476,
Little Horn State Bank,,537551,7562,www.littlehornstatebank.com,59034,
Manhattan Bank,The Manhattan State Bank,614751,7564,www.manhattanbank.bank,59741,
"The Bank and Trust, S.S.B.","The Bank and Trust, s.s.b.",623454,812,www.thebankandtrust.com,78840,
The Killbuck Savings Bank Company,,1017425,7577,http://www.killbuckbank.com,44637,
The Bank of Beaver City,,137456,7579,www.bankofbeaver.bank,73932,
The Fidelity Deposit and Discount Bank,,1007819,7582,http://www.bankatfidelity.com,18512,
The Donley County State Bank,,753856,7594,donleybank.com,79226,
"First State Bank of Ben Wheeler, Texas",,31657,7602,www.fsbbenwheeler.com,75754,
Citizens State Bank,"The Citizens State Bank, Corrigan, Texas",899651,7603,www.csbanktx.com,75939,
Security State Bank,Security State Bank of Farwell,389358,7605,www.ssbfarwell.com,79325,
The Buckholts State Bank,,53051,7610,www.buckholtsbank.com,76518,
First State Bank of Texas,First State Bank,190563,7614,www.fsboftx.com,77630,
First Security State Bank,,819154,7619,www.fssbtexas.com,76637,
Dominion Bank,Grapeland State Bank,404653,7621,www.dominionbanking.com,75252,
First Texas Bank,Citizens State Bank,444350,7622,www.firsttexasbank.bank,78626,
"The Poca Valley Bank, Inc.",The Poca Valley Bank,851239,7628,www.pocavalleybank.com,25286,
The Grant County Bank,,718538,7629,http://www.grantcountybank.com,26847,
Bar Harbor Bank & Trust,Bar Harbor Banking and Trust Company,522605,7640,www.barharbor.bank,04609,
Arrowhead Bank,First Llano Bank,570558,821,http://www.arrowheadbanktexas.com,78643,
Provident Bank,The Provident Institution for Savings in Jersey City,204004,7655,http://www.provident.Bank,07302,
Union County Savings Bank,,373601,7656,www.unioncountysavings.com,07208,
Citizens Community Bank,Citizens Bank of Hahira,564838,7676,www.ccbga.bank,31632,
Sainte Marie State Bank,,363442,7679,,62459,
Spring Valley City Bank,,452841,7680,www.svcb.com,61362,
"Commercial Bank of Texas, National Association",Commercial National Bank in Nacogdoches,885869,828,www.cbtx.com,75961,
The First State Bank of Dongola,,630041,7686,,62926,
Vista Bank,Security Bank,645465,829,www.vistabank.com,75225,
Farmers State Bank,First Farmers State Bank,921936,7691,www.fsbelmwood.com,61529,
Germantown Trust & Savings Bank,Germantown Savings Bank,830748,7695,www.gtsb.com,62230,
Buckley State Bank,,316934,7702,www.buckleystatebank.com,60918,
Citizens Savings Bank,,544447,7706,www.bankingwithcsb.com,52168,
"Cornerstone Capital Bank, SSB",The Roscoe State Bank,2891622,831,www.cornerstonecapital.com,77027,
The Lyndon State Bank,,136655,7711,http://www.lyndonstatebank.com,66451,
The Wilson State Bank,,501655,7712,www.wilsonstatebank.net,67490,
Ford County State Bank,,540850,7713,http://fordcountystatebank.com,67876,
First State Bank,,565143,7718,www.firststatebankky.com,40146,
Elkton Bank & Trust Company,,998648,7723,elktonbankandtrust.com,42220,
The Farmers Bank of Milton,,265340,7724,fbmilton.com,40045,
West Point Bank,West Point National Bank,79042,7727,www.westpointbank.com,40160,
First State Bank,,407168,836,www.fsbtx.com,79081,
Wellington State Bank,,371362,837,www.wellingtonsb.bank,79095,
The Cleveland State Bank,,12142,7749,www.clevelandstatebank.com,38732,
Merchants & Marine Bank,Merchants & Marine Bank of Pascagoula,94139,7751,WWW.MANDMBANK.COM,39567,
"The Citizens Bank of Philadelphia, Mississippi",,29636,7752,www.thecitizensbankphila.com,39350,
Bank of Winona,,800442,7755,www.bankofwinona.com,38967,
Belgrade State Bank,,761244,7756,belgradestatebank.com,63622,
United State Bank,The Lewistown State Bank,659556,7760,http://www.usb1.com,63452,
"First State Bank of St. Charles, Missouri",,345756,7764,www.fsbfinancial.com,63301,
County Bank,Commerce Bank of Brunswick,1016848,7765,countybankonline.com,65236,
The Callaway Bank,,719656,7768,www.callawaybank.com,65251,
FMB Bank,Farmers and Merchants Bank of Wright City,509857,7770,www.fmb-bank.com,63390,
Peoples Bank Co.,Bank of Altenburg,941541,7771,peoplesoa.com,63732,
First Bank,First Missouri Bank and Trust Company of Creve Coeur,169653,7773,WWW.FIRST.BANK,63141,
Peoples Bank,Peoples Bank of Cuba,948250,7774,www.peoplesbk.com,65453,
Bank of Monticello,,937553,7776,www.bankofmonticello.com,63457,
Washington County Bank,,1000052,7781,www.washingtoncountybank.com,68008,
First State Bank,Farnam Bank,488756,7783,www.1ststatebank4me.com,69029,
Commercial Bank,,42457,7785,www.gotocb.net,68961,
First Nebraska Bank,Bank of Valley,576952,7787,www.firstnebraska.bank,68064,
Farmers and Merchants Bank of Long Beach,,871769,840,www.fmb.com,90802,
Southwest Capital Bank,The Las Vegas Savings Bank,206156,7793,www.southwestcapital.com,87104,
Lea County State Bank,Lea County State Bank of Lovington,1015252,7794,www.onlinelcsb.com,88240,
Mechanics & Farmers Bank,,332224,7798,www.mfbonline.com,27701,
First State Bank,,41553,7805,www.fsbanadarko.bank,73005,
Farmers & Merchants Bank,,273859,7806,http://www.fmbok.com,73532,
Cattlemens Bank,Stockmans Bank,284556,7807,www.cattlemensbank.com,73521,
Farmers State Bank,,407850,7814,,57448,
The Cowboy Bank of Texas,First State Bank,370954,7818,www.cowboybank.com,76064,
"SouthStar Bank, S.S.B.",First State Bank,171768,7819,www.southstarbank.com,77975,
Citizens State Bank,,625065,7822,www.citizensbank.net,75979,
Columbus State Bank,,891253,7823,www.columbusstate.com,78934,
The First State Bank,,801654,7830,fsbcolumbus.com,78934,
Chippewa Valley Bank,,779650,7835,www.chippewavalleybank.com,54843,
Bank of Cashton,,458946,7837,www.bankofcashton.bank,54619,
Bank of Mauston,,601443,7839,www.bankofmauston.com,53948,
State Bank of Chilton,,120542,7842,www.statebankofchilton.com,53014,
Community Bank of Cameron,Bank of Cameron,385350,7855,www.communitybankwi.com,54822,
Hustisford State Bank,,467144,7859,https://www.hustisfordstatebank.com,53034,
The First National Bank of Allendale,,990642,7865,www.fnba.bank,62410,
Regions Bank,First Alabama Bank,233031,7866,http://www.regions.com,35203,
Ireland Bank,"J. N. Ireland and Company, Bankers",428462,847,www.ireland-bank.bank,83252,
Fowler State Bank,,433859,7867,www.fowlerstate.bank,81039,
Carrollton Bank,The Carrollton Bank,1001648,7874,www.carrolltonbanking.com,62016,
Jersey State Bank,,482446,7875,www.jerseystatebank.com,62052,
State Bank of Toulon,,535940,7876,www.banksbt.bank,61483,
Williamsville State Bank & Trust,Williamsville State Bank,365848,7878,www.wsbt.net,62693,
Exchange State Bank,,769334,7890,http://www.lanarkbank.com,61046,
La Salle State Bank,,956134,7895,www.elsb.com,61301,
Tri-Valley Bank,Randolph State Bank,404943,7901,www.tri-valleycenters.com,51649,
The Security State Bank,,73956,7905,www.ssbwellington.com,67152,
The Dickinson County Bank,,981350,7908,www.dcbonline.net,67441,
The Baxter State Bank,,1000856,7914,www.baxterstatebank.com,66713,
Renasant Bank,The Peoples Bank and Trust Company,749242,7918,www.renasant.com,38804,
Hancock Whitney Bank,Hancock Bank,463735,7921,www.hancockwhitney.com,39501,
State Bank of Cold Spring,,116358,7923,www.statebankcoldspring.com,56320,
The Citizens Bank of Edina,,699253,7929,http://www.cbofe.com,63537,
First Oklahoma Bank,Glencoe State Bank,75259,7944,www.firstoklahomabank.com,74037,
The Payne County Bank,,455150,7945,www.paynecountybank.com,74059,
Premier Bank National Association,Purdum State Bank,860259,7948,www.premierbankne.com,68118,
Alliance Bank,"Mondovi State Bank of Mondovi, Wisconsin",21658,7959,www.alliancebank.us,54755,
Community First Bank,The State Bank of Rosholt,62147,7960,www.cfbwi.bank,54473,
Partners Bank of Wisconsin,Spencer State Bank,114149,7961,www.partnersbankwi.com,54449,
Ixonia Bank,Ixonia State Bank,529341,7962,www.ixoniabank.com,53036,
Bank Five Nine,First Bank Financial Centre,806846,7965,WWW.BANKFIVENINE.COM,53066,
The Peoples Bank,,712648,7974,www.pbmag.com,71753,
Bank of Calhoun County,,960047,7983,http://www.bankofcalhouncounty.com,62047,
The Hopeton State Bank,Hopeton State Bank,877958,7993,hopetonbank.com,73746,
The Converse County Bank,,72258,7995,www.conversecountybank.com,82633,
Security State Bank,Security State Bank of Basin,955959,7996,https://www.ssbwyo.bank,82410,
The Pueblo Bank and Trust Company,THE Pueblo Bank and Trust Company,106452,7997,www.pbandt.bank,81003,
Farmers and Drovers Bank,,788559,8001,www.farmersanddrovers.com,66846,
City Bank & Trust Co.,,841753,8005,www.mycitybank.com,71457,
Patterson State Bank,,85931,8006,www.pattersonstatebank.com,70392,
The Evangeline Bank and Trust Company,The Evangeline Bank and Trust Co.,372538,8008,www.therealbank.com,70586,
Origin Bank,Community Trust Bank,667757,8010,www.origin.bank,71227,
Legends Bank,Linn State Bank,865151,8012,www.legendsbk.com,65051,
Bank of Washington,,565750,8016,http://www.bankofwashington.com,63090,
The Central Trust Bank,Central Missouri Trust Company,853952,8021,www.centralbank.net,65101,
Cashmere Valley Bank,,574976,860,www.cashmerevalleybank.com,98815,
GreenLeaf Bank,Greenleaf Wayside Bank,675248,8035,http://www.greenleaf.bank,54126,
Citizens Community Bank,"The Citizens' Bank of Pilot Grove, Mo.",578554,8053,www.ccb-online.net,65276,
State Bank,State Bank of Waterloo,266244,8059,www.sbw.bank,62298,
Bridge Community Bank,The Mechanicsville Trust and Savings Bank,882541,8065,www.bridge.bank,52314,
Sicily Island State Bank,,1002458,8068,www.sibank.net,71368,
Bank of Prague,,858452,8078,www.bankofprague1.com,68050,
First State Bank,,513854,8082,www.fsbvalliant.com,74764,
"Farmers State Bank, Allen, Oklahoma",,37659,8083,http://www.fsballen.com,74825,
F&M Bank,Farmers & Merchants Bank,163857,8084,http://www.fmbankok.com,73012,
First United Bank,The First State Bank of Dimmitt,578255,8086,www.firstunited.bank,79027,
Baraboo State Bank,The Baraboo National Bank,24949,8101,http://www.baraboobank.com,53913,
Washington Trust Bank,The Washington Trust Bank,58971,863,www.watrust.com,99201,
Peoples State Bank,,262844,8116,http://www.peoplesfinancial.com,53821,
"Home State Bank, National Association",Home State Bank of Crystal Lake,696430,8117,www.homestateonline.com,60014,
"The Farmers Bank, Frankfort, Indiana",The Farmers Bank,423449,8125,www.thefarmersbank.com,46041,
First State Bank of Porter,,87047,8127,http://www.porterstatebank.com,46304,
First Farmers Bank & Trust Co.,Union State Bank,139843,8129,www.ffbt.com,46919,
Centier Bank,The First Bank of Whiting,783648,8136,www.centier.com,46394,
Farmers State Bank,,840747,8137,www.fsb1879.com,50701,
Denver Savings Bank,,220844,8138,www.bankdsb.com,50622,
Farmers Trust and Savings Bank,,543945,8139,www.farmerstrust.bank,51301,
Swedish-American State Bank,,973252,8145,www.mysasb.com,66939,
Farmers Bank and Trust Company,Farmers Bank & Trust Company,262741,8148,www.farmers247.com,42064,
Katahdin Trust Company,,327305,8151,www.katahdintrust.com,04765,
The Peoples Bank,"Peoples Bank of Kent County, Maryland",750127,8157,www.pbkc.com,21620,
First State Bank of Michigan,First State Bank of Decatur,654047,8162,www.fsbdecatur.com,49045,
Mayville State Bank,The Mayville State Bank,358448,8166,www.mayvillestatebank.com,48744,
Farmers Bank & Trust Company,,12946,867,www.myfarmers.bank,71753,
FNBC Bank,First National Bank of Sharp County,100843,869,www.fnbc.us,72513,
Orange Bank & Trust Company,Orange County Trust Company,176101,8187,www.orangebanktrust.com,10940,
Bank of Richmondville,,767611,8189,www.bankrich.com,12043,
Cattaraugus County Bank,,254504,8191,www.countonccb.com,14755,
Farmers Bank,,325141,871,www.gofarmersbank.com,72936,
The Union Bank Company,,780218,8196,www.theubank.com,45830,
The Richwood Banking Company,,150727,8201,www.richwoodbank.com,43344,
The Corn City State Bank,,560214,8203,www.corncitystatebank.com,43516,
Civista Bank,The Citizens Banking Company,542528,8205,www.civistabank.com,44870,
Elderton State Bank,,282824,8207,www.eldertonbank.com,15736,
Evolve Bank & Trust,First State Bank,592448,874,www.getevolved.com,72301,
Ennis State Bank,,435059,8215,www.ennisstatebank.com,75119,
The Pecos County State Bank,,396954,8217,WWW.PCSBANK.NET,79735,
First Community Bank,"First Community Bank, Inc.",2353595,8220,www.firstcommunitybank.com,24605,
Miners & Merchants Bank,,913436,8225,https://www.minersandmerchantsbank.com,26292,
First Exchange Bank,,170332,8227,www.firstexchangebank.com,26554,
Farmers Savings Bank,,205346,8231,WWW.FARMERSSAVINGS.COM,53565,
Oakwood Bank,Pigeon Falls State Bank,37051,8236,www.oakwoodbank.net,54760,
Citizens First Bank,Citizens State Bank,716954,8238,http://www.citizensfirstbank.net,54665,
The Farmers State Bank of Waupaca,,879747,8239,www.fsbwaupaca.com,54981,
"Park Bank, National Association",Park Bank,518354,8251,www.parkbank.bank,54636,
Citizens Bank,Citizens Bank of Mukwonago,783844,8252,www.citizensbankwi.bank,53149,
Hiawatha National Bank,,505550,8254,www.hnbank.com,54014,
Kennebunk Savings Bank,,247908,8258,www.kennebunksavings.com,04043,
Community Bank and Trust,Bank of Neosho,957757,8261,www.cbthomebank.com,64850,
Town & Country Bank,Dent County Bank,487357,8262,www.tcbanks.com,65560,
First Western Bank,Citizens Bank,34742,8272,http://www.fwbank.com,72927,
Seacoast National Bank,Citizens Bank of Stuart,34537,99,www.seacoastbank.com,34994,
Lake City Bank,,874845,8287,www.lakecitybank.com,46580,
"Citizens State Bank of New Castle, Indiana",,1000641,8290,www.mycsbin.com,47362,
Jackson County Bank,The Jackson County Loan and Trust Company,884442,8291,jcbank.com,47274,
Hendricks County Bank and Trust Company,Brownsburg State Bank,633640,8293,www.hendrickscountybank.com,46112,
Owen County State Bank,,38740,8294,www.ocsbank.com,47460,
Peoples Trust and Savings Bank,,67142,8295,www.peoplestrust.bank,47601,
The Friendship State Bank,,427241,8304,www.friendshipstatebank.com,47021,
Bank of Clarkson,,720344,8330,WWW.BANKOFCLARKSON.COM,42726,
First Community Bank,The Emmet County State Bank,932745,8339,www.firstcb.com,49740,
Union State Bank of Hazen,,855956,8350,www.betterstate.com,58545,
Peoples State Bank,,238250,8351,,58793,
Cornerstone Bank,Citizens State Bank,879457,8352,www.cornerstone.bank,58104,
The Fort Jennings State Bank,,830113,8357,www.fjsb.com,45844,
The Savings Bank,The Circleville Savings and Banking Company,578116,8361,www.thesavingsbankohio.bank,43113,
The Peoples Bank Co.,The Peoples Bank Company,702911,8362,www.pbc.bank,45828,
Farmers & Merchants State Bank,,79145,8377,www.FandMStBk.com,53594,
The State Savings Bank of Manistique,,259956,8382,www.statesavingsbank.com,49854,
Chambers State Bank,,416357,8384,"www,chambersbank.com",68725,
Midwest Bank,Cones State Bank,669555,8387,www.midwest.bank,68767,
Bank of Luxemburg,,580548,8390,www.bankofluxemburg.com,54217,
Bank of Commerce,Bank of Chelsea,152057,8398,www.bankboc.com,74016,
Solvay Bank,,722816,8406,www.solvaybank.com,13209,
Bank of England,,244149,8411,www.bankofengland-ar.com,72046,
The New Washington State Bank,,305442,8413,www.newwashbank.com,47162,
Farmers & Merchants Bank of Central California,Farmers & Merchants Bank of Lodi,808260,878,www.fmbonline.com,95240,
The State Bank and Trust Company,The State Bank of Defiance Company,614313,8414,www.yourstatebank.com,43512,
The Croghan Colonial Bank,The Croghan Bank and Savings Company,362717,8416,https://www.croghan.com,43420,
Exchange Bank and Trust Company,"The Exchange Bank of Perry, Okla.",456755,8421,www.easybanking.net,73077,
Northeast Missouri State Bank,Schuyler County State Bank,651158,8431,www.northeastmissouristatebank.com,63501,
Farmers and Merchants State Bank of Springfield,,770451,8432,https://www.fmb-ebank.com,56087,
Bank of Utica,,254317,8439,http://www.bankofutica.com,13502,
Farmers State Bank,,875057,8443,www.fsbctx.bank,75935,
Farmers and Merchants Bank,,257653,8448,fmbankarnett.com,73832,
Oklahoma State Bank,,324256,8449,www.osbbuffalo.com,73834,
Union Bank and Trust Company,Union Bank,450856,8451,www.ubt.com,68506,
Wadena State Bank,,210256,8455,www.wadenastatebank.com,56482,
Integrity Bank,The Fowler State Bank,843953,8469,www.integrityks.bank,67844,
Royal Bank,Bank of Elroy,532042,8470,http://www.royalbank-usa.com,53929,
The State Exchange Bank,,354851,8473,www.stateexchangebank.com,74643,
Fleetwood Bank,The First National Bank in Fleetwood,551016,8478,https://fleetwoodbank.com,19522,
Bank of Sun Prairie,,124344,8481,http://www.bankofsunprairie.com,53590,
State Bank of Nauvoo,,783349,8491,www.statebankofnauvoo.com,62354,
First-Lockhart National Bank,,631150,8504,http://www.firstlockhart.com,78644,
POINTWEST BANK,West Bank & Trust,292467,8505,http://www.pointwestbank.com,76691,
Bank of Mead,,175458,8513,WWW.BANKOFMEAD.COM,68041,
Corydon State Bank,,837046,8515,,50060,
Dayspring Bank,First State Bank,151957,8518,dayspring.bank,69138,
First State Bank,,114840,8523,www.fsbmybank.com,72802,
Peoples Bank and Trust Company,Peoples State Bank,153353,891,http://www.peoples.bank,67460,
Pine Country Bank,Royalton State Bank,761459,8530,http://www.pinecountrybank.com,56345,
United Community Bank,Dickinson County Savings Bank,884648,8534,www.unitedcommunitybank.com,51351,
"Farmers and Merchants State Bank, Bloomfield, Nebraska",,411651,8539,www.fandmstatebank.com,68718,
Brunswick State Bank,,413758,8558,www.brunswickstatebank.com,68720,
Nebraska State Bank,,70955,8562,,68719,
Greenville National Bank,,295011,8566,www.bankgnb.bank,45331,
The Libertyville Savings Bank,,857745,8570,www.lsbia.bank,52556,
The State Bank,State Bank of Terril,550448,8573,www.statebankspiritlake.com,51360,
The Middlefield Banking Company,,177920,8574,www.middlefieldbank.bank,44062,
Prescott State Bank,,469250,8581,HTTPS://ONLINEBANKING.PRESCOTTSTATEBANK.COM,66767,
BOM Bank,Bank of Montgomery,684455,898,www.bofm.com,71457,
Savings Bank,Primghar Savings Bank,588348,8586,www.savingsbankia.com,51245,
Maynard Savings Bank,The Maynard Savings Bank,1009840,8587,www.maynardsavingsbank.com,50655,
Farmers & Merchants Bank & Trust,Farmers and Merchants Savings Bank,888141,8588,www.fmbanktrust.bank,52601,
The Bank of Commerce,,103134,899,http://WWW.BKOFCOMMERCE.COM,70788,
The Upstate National Bank,The First National Bank of Lisbon,313009,8596,www.upstatebank.com,13669,
Blue Grass Savings Bank,,794345,8601,www.bluegrassbank.com,52726,
Citizens Bank & Trust Company,,357937,901,www.citizensbankandtrust.com,70764,
Benton County State Bank,,824242,8612,http://www.bentoncountystatebank.com,52209,
Farmers State Bank,,105530,8613,www.fsbankmctn.com,37683,
"Northern Interstate Bank, N. A.",The First National Bank of Norway,289056,8618,www.banknib.com,49870,
"Concordia Bank of Concordia, Missouri",,164957,8620,www.concordia-bank.com,64020,
McIntosh County Bank,Farmers State Bank,720858,8624,www.makeitmcb.com,58413,
First National Bank in Fredonia,The Wilson County Bank,844455,8627,www.fnbfredonia.com,66736,
Feliciana Bank & Trust Company,Bank of Norwood,879439,904,www.felicianabank.com,70722,
Farmers and Merchants Bank,,372640,8628,www.fmfbank.com,46763,
The Twin Valley Bank,,381026,8629,www.twinvalleybank.bank,45381,
Minnstar Bank National Association,The Lake Crystal National Bank,89854,8632,www.minnstarbank.com,56055,
First National Bank in Pinckneyville,,340443,8636,www.fnbpville.com,62274,
Bank 1st,The First National Bank of West Union,142049,8638,www.bank1stia.com,52175,
Commercial State Bank,,479754,8639,wausabank.com,68786,
Cross Bank,Cross County Bank,989347,8640,http://www.mycrossbank.com,72396,
The Trust Bank,Bank of Lenox,894834,8646,www.thetrustbank.net,31637,
Field & Main Bank,Ohio Valley Bank,618740,8651,www.fieldandmain.com,42420,
Kentland Bank,,367543,8654,www.kentlandbank.com,47951,
First State Bank Nebraska,First State Bank,499453,8672,http://www.1fsb.bank,68516,
CNB Bank,County National Bank,399517,8676,www.cnbbank.bank,16830,
The Farmers State Bank,,801056,8680,www.fsb-online.com,67460,
Farmers and Merchants Bank,,446130,8683,www.fmlafayette.com,36862,
Sandhills State Bank,Commercial Bank,987259,8686,www.sandhillsstate.com,69101,
Farmers State Bank,Farmers State Bank of Cameron,757452,8690,WWW.FSCBANK.BANK,64429,
Farmers State Bank of Medora,,295646,8694,,62063,
First Texoma National Bank,The First National Bank in Durant,388155,8697,www.ftnb.net,74701,
Arlington State Bank,,270353,914,www.arlingtonstatebank.com,55307,
"SouthTrust Bank, N.A.",First National Bank,521158,8705,www.southtrust.com,78022,
"The State Bank of Canton, Canton, Kansas",,858153,8711,www.statebankofcanton.com,67428,
State Bank of Schaller,,534242,8715,www.statebankofschaller.com,51053,
First Bank & Trust Company,First National Bank in Perry,640956,8722,www.fbt.bank,73077,
Alamosa State Bank,The Alamosa National Bank,869953,8723,www.alamosastatebank.com,81101,
Community Bank of Louisiana,The Bank of Logansport,974754,8725,www.communitybankofla.bank,71052,
Iowa State Bank,,982348,8727,www.iowastate.bank,51239,
Foundation Bank,McKenzie Banking Company,480853,8729,http://www.foundationbank.org,38201,
CBW Bank,"The Citizens Bank of Weir, Kansas",71859,8732,www.cbwbank.com,66781,
The Bank of Houston,,848453,8733,www.thebankofhouston.com,65483,
Bank of Hartington,,7456,8735,www.bankofhartington.com,68739,
The Granville National Bank,,560830,8745,http://www.gnbonline.com,61326,
"Transact Bank, National Association",Colorado National Bank,403254,8747,www.transactbank.com,80202,
Frandsen Bank & Trust,State Bank of New Ulm,751656,921,frandsenbank.com,55046,
Palo Savings Bank,,90047,8749,www.palosavingsbank.com,52324,
The Farmers and Merchants State Bank,,425050,8755,http://wwwfmsbscotland.com,57059,
State Street Bank and Trust Company,Second Bank-State Street Trust Company,35301,6,www.statestreet.com,02114,
Chelsea State Bank,,711548,8758,www.chelseastate.bank,48118,
Middletown Valley Bank,Middletown Savings Bank of Frederick County Maryland,41825,8761,www.mvbbank.com,21769,
Citizens Alliance Bank,Citizens State Bank of Clara City,279954,924,www.citizensalliancebank.com,56222,
"Farmers and Merchants Bank of Mound City, Kansas",,274052,8765,www.fmbankmc.com,66056,
Connections Bank,Connections Bank Midwest,646556,8766,www.connections.bank,64079,
Scribner Bank,Farmers State Bank,711753,8767,www.scribnerbank.com,68057,
First Guaranty Bank,Guaranty Bank & Trust Co.,422433,8769,www.fgb.net,70401,
First Liberty Bank,The Farmers State Bank,898850,8770,www.myfirstliberty.com,73120,
The Missouri Bank,Warren County Bank,309150,8775,http://www.themissouribank.com,63383,
Farmers and Merchants Bank of St. Clair,,266851,8785,www.fmb4banking.bank,63077,
Great Plains State Bank,Petersburg State Bank,733559,8786,www.gpsbanks.com,68652,
Pinnacle Bank,"Pinnacle Bank, National Association",366238,8790,www.pinnaclebank.com,30635,
State Bank of Scotia,,926650,8794,StateBankofScotia.Bank,68875,
County National Bank,Hillsdale County National Bank,682143,8798,WWW.CNBB.BANK,49242,
GNB Bank,The Grundy National Bank of Grundy Center,724744,8802,www.gnbbank.com,50638,
Bison State Bank,,354,8803,www.bisonstatebank.com,67520,
Kensington Bank,First State Bank of Kensington,58757,931,www.kensington.bank,56343,
The First National Bank in Falfurrias,,442655,8808,www.fnbfal.com,78355,
Generations Bank,First National Bank in Exeter,1016558,8809,generations.bank,68351,
The Peoples State Bank,,454546,8819,www.psbanywhere.com,47429,
Perennial Bank,Farmers State Bank of Darwin,344852,933,www.perennialbank.com,55324,
Passumpsic Savings Bank,,300009,8828,http://www.passumpsicbank.com,05819,
Wells River Savings Bank,,303701,8829,www.wellsriversavings.com,05081,
Northfield Savings Bank,,520003,8830,www.nsbvt.com,05663,
Northwoods Bank of Minnesota,Farmers State Bank of Dorset,284752,935,www.northwoodsbank.com,56470,
Union Bank,"The Union Savings Bank and Trust Company of Morrisville, VT.",333203,8840,www.ublocal.com,05661,
Peoples Trust Company of St. Albans,,463605,8844,http://www.ptcvt.com,05478,
Woodlands National Bank,Farmers and Merchants State Bank of Hinckley,980951,937,www.woodlandsnationalbank.com,55037,
Silex Banking Company,,552956,8850,http://www.silexbank.com,63377,
Bank of Weston,,393355,938,www.bankofweston.com,64098,
Marion Community Bank,Marion Bank and Trust Company,449832,8856,www.marion-bank.com,36756,
"First State Bank and Trust Company, Inc.",First State Bank of Caruthersville,489548,8857,http://www.fsbtrust.com,63830,
Farmers Trust and Savings Bank,The Farmers Trust and Savings Bank,825847,8862,www.ftsbbank.bank,50424,
Lincoln Savings Bank,,589943,8872,www.mylsb.com,50669,
Security Savings Bank,,616540,8873,www.securitysavingsbank.com,50543,
Farmers State Bank,,1006148,8874,www.myfsbonline.com,52302,
Security Financial Bank,Security National Bank,450959,8879,www.sfbank.com,54736,
The Home National Bank of Thorntown,,696645,8882,www.thehomenationalbank.com,46071,
Malvern Bank,Malvern Trust & Savings Bank,756343,8886,www.malvern.bank,51551,
United Bank and Trust Company,Sheffield Savings Bank,116741,8896,http://www.ubtc.net,50441,
Focus Bank,First Security State Bank of Charleston,498148,946,www.focusbank.com,63834,
Walters Bank and Trust Company,The Bank of Walters,536853,8907,http://waltersbt.com,73572,
Cornhusker Bank,Farmers State Bank,544652,8909,www.cornhusker.bank,68510,
National Bank of Commerce,National Bank of Commerce in Superior,775456,8911,www.nbcbanking.com,54880,
The Citizens State Bank,,572459,8913,www.csbmarysville.com,66508,
United Security Bank,Security Bank of Auxvasse,630340,947,WWW.UNITEDSECURITYBANKOFMO.COM,65251,
Farmers and Merchants Bank,,516154,8918,www.fmbmilligan.com,68406,
"First Bank, Upper Michigan",First National Bank in Gladstone,239556,8919,www.first-bank.com,49837,
First Bank of Utica,The First National Bank of Utica,391959,8923,,68456,
BANK,Iowa National Bank,952846,8927,www.bank.bank,52653,
Citizens Bank & Trust,The Citizens Bank of Atchison County,964250,8929,www.cbtmo.com,64482,
Adams County Bank,,9553,8938,www.adamscountybank.net,68956,
Five Points Bank of Hastings,Security Bank,386450,8939,www.5pointsbank.com,68901,
Conservation First Bank,The Benton State Bank,208347,8943,https://bentonbank.com/,53803,
Horizon Bank,Lancaster County Bank,663955,8951,www.horizonbankne.com,68462,
FirstBank,First National Bank at Antlers,296456,8953,www.firstbank-ok.com,74523,
Commercial Bank and Trust of PA,The Commercial National Bank of Latrobe,945026,8954,WWW.cbthebank.com,15650,
United Bank of Union,,562058,8955,http://www.ubu.bank,63084,
Town & Country Bank,The Ravenna Bank,738255,952,www.tcbank.bank,68869,
Farmers State Bank,"The Farmers State Bank of Stuttgart, Kansas",603559,8962,http://WWW.FSBPHILLIPSBURG.COM,67661,
Bank of Salem,,426758,8966,www.thebankofsalem.bank,65560,
Exchange Bank,,492650,953,www.eb-us.com,68847,
Federation Bank,"Rubio Savings Bank of Brighton, Iowa",764142,8968,www.federationbankia.com,52353,
The First Citizens National Bank of Upper Sandusky,The Wharton Bank,230423,8970,http://www.firstcitizensnational.com,43351,
Countryside Bank,The American Bank,474357,955,www.countrysidebank.com,68454,
Fidelity Bank & Trust,The Luxemburg Savings Bank,939249,8987,http://www.bankfidelity.com; www.bankfidelity.bank,52002,
American Interstate Bank,Equibanc,547251,956,www.americaninterstatebank.com,68022,
Farmers Trust & Savings Bank,Farmers Trust and Savings Bank,382443,8994,www.ftsbia.com,52361,
Haskell National Bank,,170257,8998,www.haskellnationalbank.com,79521,
First National Bank in Tigerton,,74449,8999,http://www.bank1stnational.com,54486,
City State Bank,Norwalk-Cumming State Bank,252041,9002,www.citystatebank.com,50211,
"Iowa State Bank and Trust Company of Fairfield, Iowa",Iowa State Bank and Trust Company of Fairfield,651541,9004,www.myiowastatebank.com,52556,
Bellevue State Bank,First National Bank in Bellevue,178244,9006,http://www.bellevuestatebank.com,52031,
FNB Bank,First National Bank,805250,9011,www.fnb.com,67735,
First National Bank in DeRidder,,480433,9017,www.bankFNBD.com,70634,
Farmers and Merchants Union Bank,,51842,9027,WWW.FMUB.BANK,53925,
Citizens Bank,Citizens Bank of New Haven,1001853,9053,www.citizensbankmo.bank,63068,
The Bank of Charlotte County,"The Bank of Phenix, Inc.",667524,9054,www.bankofcharlotte.com,23959,
HomeBank,Palmyra State Bank,697156,9055,www.myhomebank.bank,63461,
"CNB Bank, Inc.",Citizens National Bank of Berkeley Springs,944627,9064,www.cnb.bank,25411,
Thumb Bank and Trust,Thumb National Bank and Trust Company,698649,9068,WWW.THUMB.BANK,48755,
Bank Iowa,Citizens State Bank,187947,9074,www.bankiowa.bank,50266,
PCSB Bank,Page County State Bank,188449,9075,www.wearepcsb.com,51632,
The Antwerp Exchange Bank Company,,91615,9076,www.antwerpexchangebank.com,45813,
Amarillo National Bank,,353555,9081,www.anb.com,79101,
New Era Bank,,1014657,9091,www.newerabank.com,63645,
"The Exchange State Bank of St. Paul, Kansas",South Mound State Bank,534859,9095,www.esbks.com,66771,
Union State Bank,Union State Bank of West Salem,903754,9097,www.usbwestsalem.com,54669,
State Bank of Medora,,50144,9098,www.medorabank.com,47260,
First National Bank in Olney,,412845,9102,http://www.fnbolney.com,62450,
Odin State Bank,,876157,9108,www.odinstatebank.com,56160,
Farmers State Bank,,113441,9111,www.farmersstatebank.com,46761,
Clarkson Bank,,1007958,9114,www.clarksonbank.com,68629,
The First National Bank in Trinidad,,474058,9117,http://www.FNBTRINIDAD.COM,81082,
University Bank,The Newberry State Bank,137652,9119,www.university-bank.com,48104,
Union Bank,The Union Bank of Mena,86349,9124,www.gounion.bank,71953,
Community Point Bank,Community Bank of Russellville,527057,9129,www.ourcpb.bank.bank,65074,
Savannah Bank National Association,The National Bank of Savannah,647414,9139,http://www.savannahbankny.com,13146,
Community Savings Bank,Littleport Savings Bank,646743,9150,www.communitysavings.bank,52042,
Bank of Holland,,941804,962,www.bankofhollandny.com,14080,
The Commercial Bank,,349129,9156,www.thecommercialbanksc.com,29654,
The Malvern National Bank,,906241,9158,www.mnbbank.com,72104,
Newfield National Bank,First National Bank in Newfield,632410,9160,www.newfieldnationalbank.bank,08344,
Community Bank,Dunlap Savings Bank,675042,9162,www.communitybankiowa.com,51529,
Hills Bank and Trust Company,Hills Savings Bank,731247,9163,www.hillsbank.com,52235,
Bank of Prairie du Sac,,997847,9166,WWW.BANKPDS.COM,53578,
TrustBank,Olney Trust and Banking Company,338646,9168,https://trustbank.net,62450,
The First National Bank in Amboy,,656032,9176,www.fnbamboy.com,61310,
Industrial Bank,"Industrial Bank, National Association",536527,9180,www.industrial-bank.com,20011,
Bank of Crockett,,324854,965,www.bankofcrockett.com,38006,
Iowa Savings Bank,,190648,9186,http://www.iowasavingsbank.com,51401,
Peoples Bank,Peoples Trust & Savings Bank,968249,9188,www.mypeoples.bank,50325,
Cedar Valley Bank & Trust,Mt. Auburn Savings Bank,1014246,9190,www.cedarvalleybank.com,50651,
MA Bank,Macon-Atlanta State Bank,34555,9191,www.mabank.com,63552,
Century Bank and Trust,The Merchants and Farmers Bank of Milledgeville,944337,114,www.century.bank,31061,
Bank of New Madrid,,688556,9196,www.bankofnewmadrid.com,63869,
DeWitt Bank & Trust Co.,De Witt Bank & Trust Co.,668147,9199,WWW.DEWITTBANK.COM,52742,
First National Bank,First National Bank in Pierre,355858,9203,www.firstnationalbanks.com,57532,
Union Bank,,390840,9210,www.ubmich.com,49546,
Frontier Bank,First National Bank in Lamar,191355,9213,http://www.frontierbankco.com,81052,
The Citizens National Bank of Quitman,,774235,9214,www.cnbquitman.com,31643,
"First Community Bank of the Heartland, Inc.",First National Bank in Clinton,837149,9216,www.fcbheartland.com,42031,
"Williamstown Bank, Inc.",The Farmers & Mechanics National Bank of Williamstown,918132,9222,www.williamstownbank.com,26187,
Peoples Bank & Trust Company,,28732,971,www.bankwithpeoples.com,37355,
1NB Bank,The First National Bank in Carlyle,614948,9231,https://www.1nbcarlyle.com,62231,
DMB Community Bank,De Forest-Morrisonville Bank,56548,9237,www.deforestbank.com,53718,
Danville State Savings Bank,,223845,9239,http://www.danvillebank.com,52645,
State Savings Bank,,792640,9240,www.statesavings.bank,50833,
Citizens National Bank at Brownwood,,233358,9244,www.cnb-brownwood.com,76801,
Citizens Savings Bank,,474544,9248,www.citizenssavingsbank.com,50158,
Bank of Madison,,752831,115,www.bankofmadisonga.com,30650,
First State Bank & Trust,First National Bank & Trust Co. of Williston,248455,9260,www.fsbtnd.bank,58801,
Farmers Savings Bank,The Farmers Savings Bank,774347,9264,WWW.FARMERSSAVINGSBANK.COM,52035,
Heartland Bank,Somers Savings Bank,604547,9266,www.heartlandbanks.bank,50586,
TS Bank,Treynor State Bank,552545,9269,www.tsbank.com,51575,
The Citizens National Bank of Hammond,,855303,9276,,13646,
First National Bank in New Bremen,,204826,9285,www.firstnbank.bank,45869,
Bank of Frankewing,,166531,979,www.bankoffrankewing.com,38459,
MidWestOne Bank,MidWestOneBank,836843,9290,www.midwestone.bank,52240,
Citizens Bank,,778738,9296,www.citizensbank24.com,37643,
The First National Bank at St. James,,794653,9298,www.fnbstjames.com,56081,
State Street Bank and Trust Company,,352745,9300,www.statestreetbank.com,62301,
LINKBANK,The Gratz National Bank,557317,9303,www.linkbank.com,17011,
Stockmens National Bank in Cotulla,,818652,9304,https://snbcotulla.com,78014,
Home State Bank,,653947,9306,www.hsbankiowa.com,50129,
Peoples Savings Bank,Peoples Savings Bank of Wellsburg,136048,9307,www.bankpsb.com,50680,
First Farmers and Merchants Bank,Farmers & Merchants Bank,150035,982,www.myfirstfarmers.com,38401,
Community State Bank,,502746,9319,www.csbbankonline.bank,46710,
First Bank,The First National Bank of Ketchikan,451068,9320,WWW.FIRSTBANKAK.COM,99901,
The Farmers Bank,,485214,9326,www.MyFarmersBank.net,40356,
Blue Sky Bank,National Bank of Commerce in Pawhuska,517357,9330,www.bluesky.bank,74056,
Bank of Hazlehurst,,628039,116,https://www.bankofhazlehurst.com,31539,
First Community Bank,The First National Bank of Newell,233246,9333,http://www.fcb4u.com,50568,
The International Bank of Amherst,,504647,9334,www.ibamherst.com,54406,
Shell Lake State Bank,,896155,9338,www.shelllakestatebank.com,54871,
Bank of Dixon County,Bank of Dixon County of Ponca,920359,9339,www.bankofdc.com,68770,
Collins State Bank,,219044,9341,www.collinsstatebank.com,54207,
The Hamler State Bank,,887827,9346,WWW.HAMLERSTATEBANK.COM,43524,
F&M Bank,The Farmers & Merchants National Bank of West Point,542153,9348,www.fmbankne.bank,68788,
West Shore Bank,State Savings Bank of Scottville,832546,9351,www.westshorebank.com,49431,
First Iowa State Bank,,787842,9352,www.1stiowa.bank,52531,
The Lyon County State Bank,,796657,9366,www.mylcsb.com,66801,
State Bank of Reeseville,,159645,9371,www.statebankofreeseville.com,53579,
The Security National Bank of Enid,,119153,9374,WWW.SNBENID.COM,73701,
Kish Bank,The Kishacoquillas Valley National Bank of Belleville,600419,9377,www.mykish.com,17004,
Security State Bank,,839068,990,www.securitystbk.com,78061,
First State Bank and Trust,The First State Bank of Tonganoxie,605656,9381,www.firststateks.com,66086,
Union State Bank,,148340,9387,www.usbiowa.com,50273,
The Farmers State Bank,"The Farmers State Bank, of New Madison, Ohio",370721,9394,WWW.MYFSB.BANK,45346,
River Bank,Bank of Stoddard,279842,9398,https://www.riverbank.biz,54658,
The Port Austin State Bank,,779641,9401,www.portaustinbank.com,48467,
Columbus Bank and Trust Company,Columbus Bank,241559,9410,https://www.colbank.com,68601,
First Bank,Bank of Montgomery,216922,9417,www.localfirstbank.com,28387,
First State Bank,First State Bank of East Detroit,113740,9426,www.fsb.bank,48021,
Riverwind Bank,The Bank of Augusta,855143,9429,riverwindbank.com,72006,
The Valley State Bank,,1005552,9432,www.valleystatebank.com,67013,
The Peoples Community Bank,"The Peoples State Bank, Mazomanie, Wis.",420644,9435,www.thepcb.bank,53560,
First State Bank,,10849,9437,https://www.firststatebk.com,72086,
Louisiana National Bank,First National Bank in Arcadia,109659,9445,www.ln.bank,71270,
Junction National Bank,,741152,9456,www.junctionnational.com,76849,
Arthur State Bank,,591320,9463,www.arthurstatebank.com,29379,
Lake Ridge Bank,State Bank of Cross Plains,525549,9468,www.lakeridge.bank,53562,
Richland County Bank,,331544,9469,www.richlandcountybank.com,53581,
Union State Bank,The Union State Bank of Cleburne,866251,9475,,66520,
Senath State Bank,,203052,9478,www.senathstatebank.com,63876,
Bank of York,,922924,9480,www.bankofyork.com,29745,
Zavala County Bank,Zavalla County Bank,969956,9481,www:zcbank.com,78839,
The Citizens State Bank,,858854,9486,www.bankcsb.bank,66852,
Bank of Greeleyville,Greeleyville Cash Depository,465524,9487,http://www.bog1.com,29056,
Gateway First Bank,Farmers Exchange Bank,3851427,9492,www.gatewayfirst.com,74037,
Citizens State Bank of La Crosse,Citizens State Bank of Clayton,447557,997,www.citizensstatebank.us,54601,
Bank of Wisconsin Dells,Farmers and Merchants State Bank,894348,9508,www.dellsbank.bank,53965,
Great North Bank,State Bank of Florence,576354,9516,www.greatnorthbank.com,54121,
Black River Country Bank,Bank of Melrose,603540,9522,www.brcbank.com,54615,
The Farmers State Bank of Westmoreland,,615851,9531,bankwithfarmers.com,66549,
Peoples State Bank of Munising,,262956,9532,www.psbup.com,49862,
KCB Bank,The Kearny County Bank,5751,9557,www.kcbks.bank,67860,
Decorah Bank & Trust Company,Security Trust & Savings Bank,872047,9560,www.decorah.bank,52101,
Bank3,The Farmers Bank,502652,9565,www.bank3.com,38119,
First State Bank,Farmers & Merchants State Bank,264455,9566,www.bankfsb.com,75751,
The First Central National Bank of St. Paris,,538222,9570,www.firststparis.com,43072,
Peoples Bank,The Peoples Bank of Lyons,715032,9572,www.ourpeoplesbank.com,30436,
The Bank of Kaukauna,,380944,9582,WWW.BANKOFKAUKAUNA.COM,54130,
First Business Bank,Kingston-Dalton State Bank,537449,9583,http://www.firstbusiness.bank,53719,
Johnson State Bank,The Johnson State Bank,235950,9591,www.johnsonstatebank.com,67855,
Northern State Bank,,625757,9594,http://www.nsbashland.com,54806,
Putnam County Bank,,417626,9595,www.pcbwv.bank,25526,
United Citizens Bank & Trust Company,,336147,9599,www.unitedcitizensbank.com,40011,
The Citizens State Bank and Trust Company,The Citizen's State Bank,442057,9602,extramilebank.com,66846,
Greenfield Banking Company,,83955,9603,www.greenfieldbank.com,38230,
The Farmers State Bank,,863652,9605,www.fsbks.bank,66436,
Elk State Bank,The Elk State Bank,679451,9606,www.elkstatebank.com,66938,
The Citizens State Bank,,937759,9608,www.csbks.com,67951,
Peoples Savings Bank of Rhineland,,242257,9611,www.ourpsb.com,65069,
Diamond Bank,Pike County Bank,27847,1007,www.diamond.bank,71958,
Merit Bank,The Citizens Bank of Valley Head,290838,9615,https://www.meritbank.com,35805,
First State Bank,"The First State Bank of New London, Wis.",801047,9616,www.bankfirststate.com,54961,
Marion County State Bank,,97943,9617,www.marioncountybank.com,50219,
Southern Bancorp Bank,Elk Horn Bank and Trust Company,852544,1008,www.banksouthern.com,71923,
Heritage Community Bank,United Bank of Chamois,499743,9627,WWW.HCBANKS.COM,63084,
Northern State Bank of Thief River Falls,,188056,9630,www.nsbtrf.com,56701,
The Denison State Bank,,869551,9646,http://www.dsbks.com,66436,
TruCommunity Bank,Garrison State Bank,808653,9647,www.trucommunity.bank,58540,
"CB&S Bank, Inc.",Citizens Bank & Savings Co.,594433,9650,www.cbsbank.com,35653,
Iowa Falls State Bank,,989141,9651,www.ifsbank.com,50126,
First State Bank,,561145,9657,www.fsbwc.com,50595,
Silver Lake Bank,The Silver Lake State Bank,326054,9659,www.silverlakebank.com,66608,
Security Bank & Trust Company,Security State Bank of Glencoe,1001059,9660,www.security-banks.com,55336,
The Union Banking Company,,289225,9662,www.bankatubc.com,43358,
Rolling Hills Bank & Trust,Rolling Hills National Bank,882242,9667,http://www.rollinghillsbank.com,50022,
"Durden Banking Company, Incorporated",,101439,9669,www.durdenbc.com,30471,
TXN Bank,TXN Bank National Association,77253,9675,www.txn.bank,78861,
Commerce Bank Texas,Security State Bank,174367,9676,www.commercebanktx.com,78160,
Security Bank of Pulaski County,Waynesville Security Bank,382854,9677,www.sbpc.com,65584,
First Bank and Trust Company,First National Bank in Clinton,157856,9678,www.fbtok.com,73601,
Marion State Bank,,484057,9684,http://www.marionstatebanktx.com,78124,
Southern Bank and Trust Company,Bank of Mount Olive,717924,9687,www.southernbank.com,28365,
Bank of Stockton,Stockton Savings and Loan Bank,479268,1012,www.bankofstockton.com,95202,
Belt Valley Bank,,223751,9689,www.beltvalleybank.com,59412,
First State Bank,,861854,9691,http://www.fsbrandolph.bank,68771,
Farmers State Bank,,461058,9694,www.farmersstatebanktexas.com,76642,
RCB Bank,Rogers County Bank,945053,9716,www.rcbbank.bank,74017,
Houghton State Bank,,528241,9722,www.houghtonstatebank.com,51566,
"Peoples Bank of Wyaconda, Missouri",,223452,9731,http://www.pbwbank.com,63445,
American Bank of Freedom,Bank of Montgomery County,568359,9739,www.americanbankoffreedom.bank,63384,
Chelsea Savings Bank,,771748,9743,www.chelseasavingsbank.com,52208,
Robert Lee State Bank,,803265,9754,www.robertleestatebank.com,76945,
Lake Elmo Bank,State Bank of Lake Elmo,1015850,9755,www.lakeelmobank.com,55042,
American State Bank & Trust Company of Williston,American State Bank of Williston,244251,9756,www.asbt.com,58801,
"First National Bank, Ames, Iowa",The Ames Trust and Savings Bank,820048,1014,WWW.FNBAMES.COM,50010,
Spur Security Bank,,409265,9768,www.spur.bank,79370,
State Bank of De Kalb,,621357,9771,www.statebankofdekalb.com,75559,
United Southern Bank,Umatilla State Bank,327435,9773,www.unitedsouthernbank.com,32784,
The First State Bank of Ransom,,471057,9775,fsbransom.com,67572,
Iowa Trust and Savings Bank,,202541,1016,www.iowatrust.bank,52544,
First State Bank of Cando,The First State Bank of Cando,918655,9777,www.fsbcando.com,58324,
First United Bank,"First Bank Park River, National Association",1011955,9778,www.firstunitedonline.com,58270,
Citizens Bank of Americus,The Citizens Bank of Americus,19936,9782,www.cbkamericus.com,31709,
United Valley Bank,First State Bank of Cavalier,922559,9783,www.uvbank.net,58220,
Coleman County State Bank,Coleman Bank,761954,9785,www.colemanbank.com,76834,
West Plains Bank and Trust Company,West Plains Bank,317258,9792,www.westplainsbank.com,65775,
First State Bank of Blakely,,5135,9798,fsbanks.com,39823,
Bank of Alapaha,,986935,121,www.bankofalapaha.com,31622,
Central State Bank,The Central State Bank & Trust Company,678744,1019,www.centralstate.bank,52241,
"The Lytle State Bank of Lytle, Texas",,830252,9801,www.lytlestatebank.com,78052,
Ameristate Bank,The Atoka State Bank,508355,9809,www.ameristatebank.com,74525,
First State Bank,The First State Bank,435750,9810,http://www.firststate.bank,76240,
Citizens State Bank,,296755,9817,www.citizensstatebk.com,76861,
CBI Bank & Trust,Central State Bank,830542,1021,www.cbibt.com,52761,
Muenster State Bank,,765662,9820,http://www.muensterstate.bank,76252,
The Shelby County State Bank,Farmers Savings Bank,536349,1022,www.scsbnet.com,51537,
CentreBank,The Veedersburg State Bank,163343,9828,www.centrebank.net,47987,
First State Bank,First State Bank of Buxton,917050,9834,http://www.firststatebanks.com,58218,
Frontier Bank,The Bank of Madison,33857,9839,www.frontier.bank,68154,
Chillicothe State Bank,,504142,9840,www.gostatebank.com,64601,
Bank of Lake Village,,476445,9841,www.bankoflakevillage.com,71653,
Central Bank,The Commercial Trust & Savings Bank,546544,9849,www.mycentral.bank,50588,
Twin Cedars Bank,State Bank of Bussey,750444,1024,www.twincedars.bank,50044,
Pioneer Bank & Trust,Bank of Belle Fourche,65559,9854,www.pioneerbankandtrust.com,57717,
First Southern Bank,The Bank of Marion,382649,9857,www.firstsouthernbank.net,62959,
Hoosier Heartland State Bank,Linden State Bank,157744,9858,http://www.myhhsb.com,47933,
First National Bank of Pulaski,,972732,9862,www.fnbforyou.com,38478,
Integrity Bank Plus,Wabasso State Bank,897451,9866,www.integritybank.com,56293,
First Bank of Coastal Georgia,The Pembroke State Bank,823638,9868,www.firstbankofcg.com,31321,
Mid-Missouri Bank,Polk County Bank,950141,9871,www.midmobank.com,65804,
Bay Port State Bank,Bayport State Bank,961446,9872,https://www.bayportstatebank.com,48720,
Taylor County Bank,,831941,9876,WWW.TAYLORCOUNTYBANK.COM,42718,
Ipswich State Bank,,532453,9879,www.isbipswich.com,57451,
Security State Bank of Kenyon,,984454,9883,www.ssbkenyon.com,55946,
Horizon Financial Bank,The First State Bank of Munich,877350,9884,http://www.HorizonFinancialBank.com,58352,
The Hamilton Bank,,723550,9890,WWW.THEHAMILTONBANK.BANK,64644,
Farmers and Merchants State Bank,,145741,9893,http://www.fmstate.bank,50273,
West Bank,West Des Moines State Bank,139740,9896,WWW.WESTBANKSTRONG.COM,50266,
Peoples Bank,,519445,1027,www.pboflebanon.com,40033,
First Farmers & Merchants State Bank of Grand Meadow,First American State Bank of Grand Meadow,77150,9902,www.ffmbank.com,55936,
Quoin Financial Bank,The First State Bank of Highmore,592550,9909,www.quoinbank.com,57362,
Greenfield Banking Company,,592644,9911,www.gbcbank.com,46140,
State Bank & Trust Co.,,229342,9929,www.banksbt.com,50201,
Alliance Bank Central Texas,State Bank of Jewett,601658,9934,https://www.alliancebanktexas.com,76712,
The Peoples Bank,The Peoples Bank of Taylorsville,76443,1029,www.tpbtaylorsville.com,40071,
First State Bank,,924236,9939,www.firststatebnk.com,39367,
"Freedom Bank, Inc.",Belington Bank,629522,9940,www.freedombankwv.com,26250,
MCBank,Mills County State Bank,522753,9943,www.mc.bank,76844,
The Bank of Clarendon,,3720,9945,www.myboc.bank,29102,
Citizens Bank & Trust Company,,829041,9949,www.cbtky.com,42718,
Grant County State Bank,,933340,9957,www.grantcostatebank.com,46986,
Clear Lake Bank and Trust Company,,865544,9959,www.clearlakebank.bank,50428,
Pineland Bank,Alma Exchange Bank,6039,9967,www.pineland.bank,31510,
The Seymour Bank,,428855,9969,seymourbank.com,65746,
Town & Country Bank and Trust Company,Farmers Bank & Trust Co.,692946,9970,www.mytcbt.bank,40004,
"The Casey County Bank, Inc.",The Casey County Bank,646145,9974,www.caseybank.com,42539,
"Dakota Community Bank & Trust, National Association",Dakota Community Bank,815156,9987,www.dakotacommunitybank.com,58638,
Partners Bank,Helena National Bank,335346,9988,www.mypartners.bank,72342,
Security Bank of Texas,Security Bank of Whitesboro,435666,9990,www.secbank.net,76638,
Security Savings Bank,,811747,9991,www.bankwithssb.com,57013,
Commercial Bank of Mott,,1008553,9995,http://www.cbmott.com,58646,
The Security State Bank,,285553,10000,www.thesecuritystatebank.com,57332,
Flat Branch Bank,Ray County Bank,786256,10002,www.flatbranchbank.com,64085,
First State Bank,,887340,10003,WWW.FIRSTSTATEBANK.BIZ,61342,
Citizens National Bank of Albion,,853747,10008,www.cnbalbion.bank,62806,
First American Bank,,321255,10010,www.fabstonewall.com,74871,
FIRST NATIONAL BANK OF NOKOMIS,First National Bank of Nokomis,330248,10011,https://www.fnbnokomis.com,62075,
Northeast Georgia Bank,,888833,10018,www.northeastgabank.com,30553,
Mediapolis Savings Bank,,826648,10019,www.gomsb.bank,52637,
Grant County Bank,,361354,10025,https://www.grantcobank.com,73759,
The Farmers & Merchants Bank,,574949,10026,http://www.fmberlin.com,54923,
"The Stock Exchange Bank, Caldwell, Kansas",The Stock Exchange Bank of Caldwell,671053,10031,www.stockxbank.com,67022,
Peoples Bank of Moniteau County,Peoples Bank of Jamestown,915056,10038,www.pbomc.com,65046,
Broadway National Bank,Broadway National Bank of Alamo Heights,474254,10043,www.broadway.bank,78209,
Premier Community Bank,Marion State Bank,597546,10044,www.premiercommunity.com,54950,
Farmers and Merchants Bank,,205243,10046,www.fmbms.com,38824,
Iowa State Bank,,662949,10052,http://www.iowastatebanks.com,50309,
Security State Bank & Trust,Security State Bank and Trust,247355,10053,https://www.ssbtexas.com,78624,
Central Bank & Trust Co.,Central Bank & Trust Company,1007015,10059,www.centralbank.com,40507,
Genesis Bank,Bank of Benoit,659640,10061,,38725,
Red River State Bank,,1005655,10063,www.redriverbank.com,56548,
The Claxton Bank,,452739,10068,www.tcbga.bank,30414,
Security State Bank,Burt Savings Bank,750846,10080,bankssb.com,50511,
Sunrise Bank Dakota,The Onida Bank,354253,10087,http://www.mysunrisebank.com,57564,
The Farmers State Bank,,652959,10093,www.fsbfairview.com,66425,
The Peoples Bank,,593249,10108,WWW.PEOPLESRIPLEY.COM,38663,
Milledgeville State Bank,,895448,10110,WWW.MILLEDGEVILLEBANK.COM,61051,
DeMotte State Bank,,539340,10119,http://www.netdsb.com,46310,
First State Bank of Livingston,,884358,10130,www.fsblivingston.bank,77351,
Fusion Bank,The First State Bank & Trust Co. of Larned,9955,10131,www.fusion.bank,67550,
The Four County Bank,,7634,10136,THEFOURCOUNTYBANK.COM,31017,
Union State Bank,,865759,10140,www.usbcc.com,67432,
Ives Bank,Savings Bank of Danbury,626101,10144,www.ivesbank.com,06810,
First Community Bank and Trust,Farmers State Bank of Beecher,371232,10145,www.firstcbt.bank,60401,
Maxwell State Bank,,694146,10162,www.maxwellstate.com,50161,
The Citizens Bank,,898627,10164,www.tcbsc.bank,29114,
Peoples State Bank,,660066,10170,www.psbrocksprings.com,78880,
Forest Park National Bank and Trust Company,Forest Park National Bank,926632,10176,www.forestparkbank.com,60130,
Iowa State Bank,,865142,10178,http://www.iowastatebank.com,50619,
Guaranty Bank and Trust Company,,84541,10184,www.gbtonline.com,39038,
"Comerica Bank & Trust, National Association",Manufacturers Bank of Saline,772446,1040,www.comerica.com,48104,
Fulton Savings Bank,,900502,10197,www.fultonsavings.com,13069,
Rondout Savings Bank,,425108,10200,www.rondoutbank.com,12401,
Ulster Savings Bank,Ulster County Savings Bank,301800,10201,www.ulstersavings.com,12401,
Walden Savings Bank,,341310,10218,www.waldensavings.bank,12549,
Watertown Savings Bank,,298218,10221,www.watersavingsbank.com,13601,
Exchange Bank,Exchange Bank of Milledgeville,613839,126,www.exch.bank,31061,
First Farmers & Merchants State Bank,First American State Bank,276654,1044,www.ffmbank.com,55918,
Ridgewood Savings Bank,,859712,10255,www.ridgewoodbank.com,11385,
The North Country Savings Bank,,166111,10259,northcountrysavings.bank,13617,
Rhinebeck Bank,Rhinebeck Savings Bank,195111,10261,www.rhinebeckbank.com,12572,
Sawyer Savings Bank,,605610,10267,www.SawyerSavings.bank,12477,
Security Bank USA,Security State Bank of Bemidji,950758,1048,www.SecurityBankusa.com,56601,
Generations Bank,The Seneca Falls Savings Bank,442011,10268,www.mygenbank.com,13148,
Apple Bank,Apple Bank for Savings,249612,10290,www.applebank.com,10168,
The Bank of Elk River,,10250,1050,www.thebankofelkriver.com,55330,
Rayne State Bank & Trust Company,,900034,10297,www.bankonnet.bank,70578,
York State Bank,York State Bank and Trust Company,731050,10300,www.yorkstatebank.com,68467,
First State Bank of Wyoming,,222156,1052,www.fsbwyoming.com,55092,
The Exchange State Bank,,362043,10311,www.exchangestatebank.net,52336,
The State Bank of Faribault,Faribault State Bank & Trust Co.,46053,1053,www.tsbf.com,55021,
The Milford Bank,Milford Savings Bank,258306,10318,www.milfordbank.com,06460,
farmbank,Farmers Bank of Green City,3458,10320,www.farmbank.com,63545,
"Carroll County Trust Company of Carrollton, Missouri",,490843,1054,www.cctconline.com,64633,
Butte State Bank,,1004256,10327,http://www.buttebank.com,68722,
Highland Bank,Security State Bank of St. Michael,764058,10328,www.highland.bank,55116,
Farmers State Bank & Trust Co.,,567736,10330,www.farmers24.com,70525,
Nebraska Bank,Farmers State Bank,143859,10332,www.ne.bank,68633,
Sherwood Community Bank,Bank of Creighton,887854,1055,www.sherwoodbank.com,64739,
"The Riley State Bank of Riley, Kansas",,532752,10336,www.rileystatebank.com,66531,
The Eastern Colorado Bank,,775054,10340,www.yourfriendlybank.com,80810,
Citizens Bank of the Midwest,Fort Leonard Wood Bank,44750,10341,www.cbmw.bank,65401,
FNB Community Bank,The First National Bank of Midwest City,839255,10342,www.fnbmwc.com,73110,
First National Bank Alaska,The First National Bank of Anchorage,114260,10345,http://www.fnbalaska.com,99501,
State Bank,Everly State Bank,651149,10363,www.statebankspencer.com,51301,
The Peoples Bank,,611031,10364,www.peoples1943.com,31024,
Bank of Elgin,,485054,10366,www.bankofelgin.com,68636,
Exchange Bank of Missouri,Exchange National Bank of Howard County,686459,1058,www.ebmo.com,65248,
Waukesha State Bank,,290249,10370,WWW.WAUKESHABANK.COM,53188,
"Campbell County Bank, Inc.",Campbell County Bank,293651,10371,http://campbellcountybank.com,57632,
First State Bank of Purdy,,400057,10372,www.fsb-purdy.com,65734,
The Metamora State Bank,,533227,10375,www.metamorabank.com,43540,
The Bank of Missouri,Bank of Perryville,330855,1059,WWW.BANKOFMISSOURI.COM,63775,
West Alabama Bank & Trust,"Bank of Reform, Reform, Alabama",501132,10381,www.wabt.com,35481,
Johnson City Bank,Citizens State Bank,977652,10382,www.j-cbank.com,78636,
First State Bank,,190947,10383,www.stuartbank.com,50250,
"The Samson Banking Company, Inc.",,472531,10389,http://www.samsonbanking.com,36477,
Stockman Bank of Montana,First Security Bank & Trust of Miles City,651859,10394,www.stockmanbank.com,59301,
Mason City National Bank,,108746,10400,onlinebanking.masoncitynationalbank.com,62664,
Bank of Wolcott,,729842,10402,http://www.bankofwolcott.com,47995,
The Farmers & Merchants Bank,,677644,10415,www.gofm.bank,72160,
First Security Bank,American Bank of Union Star,322551,1062,WWW.FIRSTSECURITYBANKMO.COM,64494,
Reliabank Dakota,The Farmers State Bank of Estelline,108951,10420,www.reliabank.com,57234,
The Sherwood State Bank,,546320,10421,www.sherwood.bank,43556,
Wheeler County State Bank,,989534,10426,http://www.atlanticsouthbank.com,30411,
Dakota Heritage Bank,Security State Bank of Hunter,860352,10428,www.dhb.bank,58048,
Bank of Eastern Oregon,,14865,10438,www.beobank.com,97836,
Commercial Banking Company,,381932,10440,www.cbcbank.com,31602,
Neighbors Bank,Clarence State Bank,503640,10441,www.neighborsbank.com,63437,
Devon Bank,Devon Norton Town State Bank,347639,10443,www.DevonBank.com,60645,
Marquette Bank,Marquette National Bank,716833,10444,www.emarquettebank.com,60636,
Peoples Bank,Lester State Bank,998844,10457,www.peoples-ebank.com,51247,
The Citizens Bank of Cochran,Cook Banking Company,278733,10464,www.citizensbankcochran.com,31014,
"Constitution Bank, National Association",National Bank of Mount Olive,659341,10465,www.constitutionbank.com,62049,
Bank of Lumber City,,959630,10469,www.bankoflumbercity.com,31549,
Bank of Bearden,The Citizens Bank,311144,10470,www.bankofbearden.com,71720,
South Coast Bank & Trust,The Citizens Exchange Bank,706030,10471,www.southcoast.bank,31520,
Southern Bank,Bank of Burke County,307334,10476,www.thesouthern.bank,30456,
Manufacturers Bank & Trust Company,,215345,10494,www.mbtbank.bank,50436,
Marseilles Bank,Union National Bank of Marseilles,104542,10505,www.marseillesbank.com,61341,
Battle Creek State Bank,,986757,10514,http://www.battlecreekstatebank.com,68715,
First State Bank and Trust,First State Bank,899642,10516,www.fsbcorp.com,61856,
First State Bank,,172859,10517,www.fsbloomis.com,68958,
First State Bank of Odem,,776369,10518,www.fsbodem.com,78370,
The Tri-County Bank,,657954,10523,www.tricountybank.com,68780,
The State Bank of Pearl City,,923949,10528,www.pearlcitybank.com,61062,
Capra Bank,Peoples Savings Bank,1013744,10545,WWW.CAPRABANK.COM,52001,
The Citizens Bank,,374130,10551,www.tcbenterprise.com,36330,
The Hicksville Bank,,892223,10552,www.thb.bank,43526,
Brantley Bank and Trust Company,,411231,10565,www.brantleybank.com,36009,
Bank of Travelers Rest,,589523,10568,www.bankoftravelersrest.com,29690,
FCNB Bank,"Community Bank, Steelville, Mo.",619859,1075,www.fcnb.com,65565,
Table Grove State Bank,,411549,10572,www.tgsbank.com,61482,
Lafayette State Bank,Lafayette County State Bank,535931,10574,www.lafayettestate.bank,32066,
The Bennington State Bank,,1016259,10579,www.bsbks.com,67401,
Andover State Bank,,225054,10586,www.goasb.com,67002,
Bank of Stronghurst,,593940,10588,www.bankofstronghurst.com,61480,
"FSNB, National Association",The Fort Sill National Bank,125154,10591,www.fsnb.com,73501,
Citizens Bank & Trust Company,,384830,10592,www.cbtbanking.com,70433,
BankSouth,Citizens Union Bank,88231,10593,www.banksouth.com,30642,
Centera Bank,The Haskell County State Bank,51459,10606,www.centerabank.com,67877,
Farmers and Merchants Bank,,4231,10610,www.fmbanksylvania.com,30467,
Security State Bank,,270652,10615,https://www.bankwithsecurity.com,57311,
Busey Bank,Champaign County Bank and Trust Co.,416245,10617,www.busey.com,61820,
Whitesville State Bank,,732637,10619,www.whitesvillesb.com,25209,
Merchants & Planters' Bank,,99143,10628,http://www.mandp.bank,72112,
Jefferson Bank,Jefferson State Bank,45560,10634,www.jeffersonbank.com,78215,
First Bank,The Farmers State Bank in Sterling,49652,10637,www.first-bank..net,67579,
State Bank of Lakota,,678258,10640,www.statebankoflakota.com,58344,
"First Bankers Trust Company, National Association","First Midwest Bank/Quincy, National Association",344647,10661,www.firstbankers.com,62301,
Nebraska State Bank,,514057,10671,,68746,
Metairie Bank & Trust Company,Metairie Savings Bank & Trust Company,55336,10691,http://www.METAIRIEBANK.COM,70001,
Ozark Bank,Ozark Savings Bank,882952,1089,http://www.ozarkbank.com,65721,
JD Bank,Jeff Davis Bank & Trust Company,980531,10698,www.jdbank.com,70546,
Bank Plus,Swea City State Bank,329149,10699,www.bankplusiowa.com,51334,
The Bank of Old Monroe,,880855,1090,www.bankofoldmonroe.com,63369,
Elkhorn Valley Bank & Trust,Commercial State Bank,439356,10704,www.evb.bank,68701,
State Bank of Easton,,379050,10710,,56025,
BMO Bank National Association,"Harris Bank Glencoe-Northbrook, National Association",75633,10718,www.bmo.com,60606,
Citizens State Bank,,489155,10726,csbanton.com,79313,
State Bank of Burrton,,21256,10728,www.statebankofburrtononline.com,67020,
Carver State Bank,The Carver Savings Bank,370833,10729,www.carverstatebank.com,31401,
Vermont State Bank,,187648,10730,https://www.vermontstatebank.com,61484,
CCB Community Bank,Covington County Bank,655839,10739,www.bankccb.com,36420,
Farmers and Merchants Bank of South Carolina,,282226,1094,www.fmbsc.com,29059,
First State Bank,,497655,10743,www.Socorrobanking.com,87801,
Bank Northwest,Caldwell County Bank,645157,10744,www.banknw.com,64644,
The Peoples Bank,,446149,10745,www.thepeoplesbank-ky.com,42064,
Bank Independent,Bank of Leighton,539032,10746,www.bibank.com,35660,
Rochelle State Bank,,649632,10751,www.rochellestatebank.com,31079,
FNB Picayune Bank,First National Bank of Picayune,568939,10754,http://www.fnbop.com,39466,
"Union Bank, Inc.",Union Bank of Tyler County,667029,10761,hometownbanc.com,26149,
ESB Financial,Emporia State Bank and Trust Company,918954,10769,www.esbfinancial.com,66801,
Luminate Bank,Equity Bank,310754,10775,luminate.bank,55405,
The Torrington Savings Bank,,65205,10776,www.torringtonsavings.bank,06790,
First State Bank,,603755,10781,http://www.fsbjunction.com,76849,
Southwest Bank,Winkler County State Bank,561864,10786,www.southwest.bank,79762,
Security State Bank of Aitkin,,267652,10789,http://www.ssbmn.com,56431,
Northeast Bank,13th Avenue State Bank of Minneapolis,689357,10792,www.nebankmn.com,55413,
The Paducah Bank and Trust Company,,285740,10795,www.paducahbank.com,42001,
Itasca Bank & Trust Co.,The Itasca State Bank,812436,10797,http://www.itascabank.com,60143,
Washington State Bank,,480246,10798,www.washingtonstatebank.com,61571,
Gibsland Bank & Trust Company,Gibsland Bank,734350,10815,www.gbt.bank,71028,
First State Bank,The First State Bank of Stratford,410560,10819,www.firstclassbanking.com,79084,
BANKWEST,Rockford State Bank,791353,10827,www.bankwestmn.com,55373,
South Central State Bank,Campbell State Bank,74056,10830,http://www.southcentralstatebank.com,68932,
Western Bank,Peoples State Bank,709554,10842,www.wbartesia.com,88210,
Carolina Bank & Trust Co.,,355120,10845,www.carolinabank.net,29069,
1st Financial Bank USA,Farmers' State Bank,526452,1100,www.1fbusa.com,57049,
North Star Bank,North Star State Bank of Roseville,750051,10853,http://WWW.NORTHSTARBANK.COM,55113,
The Peoples State Bank,,741358,10860,http://www.psbcherryvale.com,67335,
Richland State Bank,Bank of Bruce,83852,1101,www.richlandstate.org,57220,
National Bank of St. Anne,,760340,10867,http://www.natbankil.com,60964,
Citizens State Bank,,261360,10868,http://www.csbtx.bank,77879,
The Campbell & Fetter Bank,,398248,10872,www.campbellfetterbank.com,46755,
Plains Commerce Bank,Bank of Hoven,593052,1103,www.plainscommerce.com,57106,
Great Oaks Bank,Citizens Bank & Trust Company,364131,10891,www.greatoaks.bank,31324,
Union State Bank,,206950,10898,www.unionstbank.com,66779,
All Capital Bank,Bank of Locust Grove,14650,10904,www.banklg.com,74352,
Farmers and Merchants Bank,,455552,10915,www.bankfmb.com,68405,
Citizens Bank,Citizens State Bank & Trust Company,744854,10922,http://WWW.CITIZENSBANKTX.COM,75662,
The Bank of Glen Burnie,,628123,10924,www.thebankofglenburnie.com,21061,
Sunmark Community Bank,The Pulaski Banking Company,100236,10928,www.sunmarkbank.com,31069,
Prosperity Bank,First Bank of Edna,664756,10936,www.prosperitybankusa.com,77437,
River Falls State Bank,,955753,10939,www.rfstatebankonline2.com,54022,
First Arkansas Bank and Trust,First Jacksonville Bank,466240,10948,www.fabandt.bank,72076,
"Citizens Deposit Bank of Arlington, Inc.",,959443,10951,http://www.cdbky.com,42021,
Community 1st Bank Las Vegas,First National Bank in Las Vegas,768458,10953,www.cfblv.com,87701,
First American Bank and Trust Company,Hubert State Bank,921039,10956,www.fabt.bank,30601,
Farmers State Bank,,120953,1109,http://www.fsbparkston.com,57366,
Citizens Independent Bank,Citizens State Bank of St. Louis Park,825753,10960,www.bankcib.com,55416,
West Texas State Bank,,406666,10962,www.ebanktexas.com,79549,
Corn Growers State Bank,,177555,10964,corngrowersbank.com,68407,
Community Bank,,276953,1110,http://www.communitybankavon.com,57315,
United Community Bank,Union County Bank,1017939,10978,www.ucbi.com,29601,
Pilgrim Bank,First State Bank,911160,10980,www.pilgrimbank.bank,75686,
First State Bank of Bedias,,88352,10982,www.bediasbank.com,77831,
F&M Bank,Farmers and Merchants Bank,510330,10984,http://www.fmbanknow.com,30673,
First National Bank of Griffin,The State Bank,563233,134,www.fnbbanking.com,30224,
Princeville State Bank,,670748,10987,www.p-s-b.com,61559,
State Bank of Taunton,,205458,10992,www.statebankoftaunton.com,56291,
Spiro State Bank,,397858,10994,www.spirostatebank.com,74959,
22nd State Bank,Farmers Exchange Bank,449430,10995,www.22ndstatebank.com,36602,
F & M Bank and Trust Company,Farmers and Merchants Bank of Manchester,937834,11000,www.fmbankandtrust.com,31816,
UBank,Union Bank,423636,1115,www.ubank.bank,37934,
The Farmers State Bank,,72351,11021,www.fsbwathena.com,66090,
Bank of Clarks,,76153,11031,bankofclarks.net,68628,
Minnwest Bank,Belview State Bank,302656,11035,www.minnwestbank.com,56283,
Bank of Billings,,572347,11036,www.thebankofbillings.com,65610,
The Farmers Bank,,901938,1118,www.thefarmersbank.net,37148,
The Peoples Bank,The Peoples Bank of Iva,285928,11044,www.peoplesbanksc.com,29655,
"Peoples Bank of  Kentucky, Inc.","The People's Bank of Fleming County, Kentucky",995517,11046,http://www.peoplesbankofky.com,41041,
SOLUTIONS NORTH BANK,The Trego-WaKeeney State Bank,612159,11047,www.snbks.com,67669,
Community State Bank of Orbisonia,,121914,11051,communitystate.bank,17243,
Bank of Colorado,The First Security Bank,255659,11054,www.bankofcolorado.com,80525,
Bank of Pontiac,,930442,11056,www.bankofpontiac.com,61764,
The Peoples Bank of Georgia,The Peoples Bank of Talbotton,272030,135,www.peoplesbankofga.com,31827,
First Century Bank,First Claiborne Bank,999935,1120,http://www.firstcenturybank.com,37879,
First Security Bank and Trust Company,First State Bank and Trust Company,377850,11073,www.fsbokc.com,73111,
Central Bank of Kansas City,,751852,11081,www.centralbankkc.com,64124,
FNB SOUTH,Citizens State Bank,12030,11082,www.fnbsouth.net,31510,
Wilson & Muir Bank & Trust Company,"Muir, Wilson & Muir",899343,11103,www.wilsonmuirbank.com,40004,
Mountain Valley Bank,Sequatchie County Bank,714437,1124,www.mtnvalleybankonline.com,37327,
State Bank of Bellingham,,272058,11118,www.stbankbhm.com,56212,
Labette Bank,The Labette County State Bank,483751,11123,www.labettebank.com,67330,
The Peoples Bank,THE PEOPLES BANK,575133,11128,http://www.thepeoplesbank.com,31650,
First US Bank,Bank of Thomasville,259330,11132,www.firstusbank.com,35243,
HomeBank Texas,Seagoville State Bank,522669,11144,www.homebanktx.com,75159,
Liberty State Bank,,883351,11145,https://www.libertystateplnd.com,58773,
"Community Bank & Trust, Waco, Texas",Community Bank,549862,11153,www.cbtwaco.bank,76701,
Wellworth Bank,Citizens Bank of Lafayette,63733,1126,http://www.citizens-bank.org,37083,
Partners Bank of New England,Sanford Institution for Savings,111205,11158,www.partners.bank,04073,
First Security Bank,Batesville Security Bank,718145,11163,www.firstsecuritybk.com,38606,
Lake Country Community Bank,State Bank of Morristown,706450,11165,lccbank.com,55052,
Artisans' Bank,Artisans' Savings Bank,73116,11166,www.artisansbank.com,19808,
Bank of Perry County,Bank of Lobelville,284239,1128,http://thebankonthego.com,37097,
Peoples State Bank,,991854,11178,http://www.psbokonline.com,73526,
Heritage Bank,Bank of Wood River,666554,11183,www.bankonheritage.com,68883,
Citizens 1st Bank,Citizens Bank,869663,1130,www.citizens1stbank.com,75701,
Bank of Utah,,933975,11195,www.bankofutah.com,84401,
Cottonwood Valley Bank,The Cedar Point State Bank,921655,11196,www.cottonwoodvalleybank.com,66843,
Dairy State Bank,,57451,11198,www.dairystatebank.com,54868,
State Bank & Trust Company,State Bank & Trust Company of Golden Meadow,485139,11204,www.sbtcajun.com,70357,
"Peoples State Bank, Fairmount, N. D.",,838155,11209,www.peoples-state.com,58030,
Meredith Village Savings Bank,,576608,11214,www.mvsb.com,03253,
Bank of Camilla,,124830,11221,www.bankofcamilla.net,31730,
The Warrington Bank,,199137,11223,www.warringtonbank.com,32507,
United Bank,The Bank of Zebulon,37435,137,www.accessunited.com,30295,
Western Bank,"Van Horn State Bank of Van Horn, Texas",199463,1133,http://www.westernbank.com,79401,
The Potter State Bank of Potter,,736158,11234,www.potterstatebank.com,69156,
The Citizens Bank,,856748,11240,www.thecitizensbank.net,72501,
Citizens State Bank,,523161,11243,www.csbsealy.com,77474,
Henderson State Bank,,97055,11256,www.hendersonstate.bank,68371,
Albany Bank and Trust Company National Association,National Bank of Albany Park in Chicago,2732,11257,www.albanybank.com,60625,
Sidney State Bank,,648345,11259,www.sidneybank.com,48885,
North Central Bank,Putnam County Bank,565536,11268,www.northcentralbank.com,61327,
St. Ansgar State Bank,The Saint Ansgar Citizens State Bank,115146,11283,www.stansgarbank.com,50472,
Essex Bank,Essex Savings Bank,961400,11285,www.essex.bank,06426,
Columbia Bank,South Umpqua State Bank,143662,11289,www.columbiabank.com/,97470,
The Bank of Tioga,,768953,11299,www.thebankoftioga.com,58852,
City National Bank,City National Bank of Beverly Hills,63069,11300,www.cnb.com,90071,
BankIowa,Benton County Savings Bank,737548,11301,http://www.bankiowa.com,52402,
Peoples Bank of Greensboro,,320034,1142,www.peoplesbankofgreensboro.com,36744,
Central Pacific Bank,,701062,11321,WWW.CPB.BANK,96813,
Goppert State Service Bank,Garnett State Savings Bank,850456,11330,http://www.gssb.us.com,66032,
Peoples Bank & Trust,Peoples Bank of Pana,922344,11332,http://www.bankpbt.com,62557,
First State Community Bank,First State Bank of Farmington,707354,11335,www.fscb.com,63640,
Bank of Dickson,,638131,11339,www.bankofdickson.bank,37055,
South Story Bank & Trust,Slater State Bank,542340,11358,www.southstorybank.com,50244,
Farmers and Merchants Bank,,434539,1147,http://www.FandM.bank,36272,
First State Bank of San Diego,,578862,11360,www.fsbsandiego.com,78384,
Carson Bank,The Mulvane State Bank,171656,11373,www.carsonbank.com,67110,
Mid-America Bank,State Bank of Esbon,919456,11377,http://www.mid-americabank.com,66006,
The State Exchange Bank,,571957,11378,www.stateexchange.net,66956,
M C Bank & Trust Company,Morgan City Bank & Trust Company,1003839,11389,www.mcbt.com,70380,
German American Bank,The German American Bank,37640,11392,www.germanamerican.com,47546,
Impact Bank,"The Caldwell State Bank in Caldwell, Kansas",369453,11397,www.impact-bank.com,67152,
The Bendena State Bank,,1008151,11406,www.bendenastatebank.com,66008,
Mountain Valley Bank,North Park State Bank,475653,11407,http://www.bankmvb.com,80480,
Stone Bank,OZARK HERITAGE BANK NATIONAL ASSOCIATION,913146,11424,www.stonebank.com,72560,
Dacotah Bank,Farmers and Merchants Bank,256553,11430,www.dacotahbank.com,57401,
First National Bank of America,First National Bank of Michigan,413141,11431,www.fnba.com,48823,
Dysart State Bank,,602842,11433,WWW.DYSARTSTATEBANK.COM,52224,
Piscataqua Savings Bank,,591209,11435,www.piscataqua.com,03801,
Maverick Bank,Fort Davis State Bank,455459,11438,www.maverick.bank,79734,
The Farmers & Merchants Bank,,291732,1157,www.fmbal.com,35677,
Defiance State Bank,,902645,11439,defiancestatebank.com,51527,
Halstead Bank,The Halstead Bank,747257,11440,www.halsteadbank.com,67056,
Apple River State Bank,,594938,11442,www.appleriverstatebank.com,61001,
First Bank Chicago,First Bank of Highland Park,804338,11457,www.firstbankchicago.com,60035,
United Bank & Trust,"The State Bank of Axtell, Kansas",990352,11462,www.ubankonline.com,66508,
FirsTier Bank,Kimball County Bank,536554,11463,www.firstierbanks.com,69145,
PlainsCapital Bank,Plains National Bank,637451,11472,www.plainscapital.com,75205,
The Commercial Bank,THE COMMERCIAL BANK,469737,139,http://thecommercialbank.net,30630,
First State Bank of the Florida Keys,Key West State Bank,191935,11489,keysbank.com,33040,
The Fisher National Bank,,739832,11493,www.fishernational.com,61843,
Banterra Bank,Banterra Bank of Marion,502849,11494,www.banterra.bank,62959,
Union Bank & Trust Company,,22048,1164,www.unionbnk.com,71655,
KeyBank National Association,Keybank National Association,280110,11510,www.key.com,44114,
Bank of Dade,,441630,11518,www.bankofdade.com,30752,
Community State Bank,,92144,11525,www.csbpaton.com,50217,
Central Bank,Bank of Blevins,3488579,1166,http://www.centralbankar.com,72211,
Palmetto State Bank,Loan and Exchange Bank,277820,11537,http://www.palmettostatebank.com,29924,
First National Bank in Taylorville,,177443,11544,www.fnbtaylorville.com,62568,
FNBT BANK,FNBT.COM BANK,697231,11552,http://www.FNBT.com,32548,
Simmesport State Bank,,844138,11559,www.simmesportstatebank.net,71369,
The First State Bank,,888552,11560,www.fsblouise.com,77455,
The National Bank of Andrews,First National Bank of Andrews,488653,11575,www.nbabankonline.com,79714,
The City State Bank,,738657,11578,www.citysb.com,66701,
Central Bank,Central Bank of Houston,31255,11583,www.centralbankhouston.com,77041,
Farmers Bank & Trust,"Farmers Bank & Trust, National Association",482156,11585,www.farmersbankks.com,67530,
Basile State Bank,,188739,11592,www.basilebank.com,70515,
Alden State Bank,,388744,11593,www.alden.bank,49612,
The Farmers State Bank of Blue Mound,,1017854,11597,WWW.FSBKANSAS.COM,66010,
The Farmers State Bank,,976954,11600,,66849,
Astra Bank,"Scandia State Bank of Scandia, Kansas",1003455,11604,astra.bank,66966,
RVR Bank,First State Bank,1155,11606,www.rvr.bank,68025,
First National Bank,First National Bank in Alamogordo,823450,11608,www.fnb4u.com,88310,
"The Stockgrowers State Bank of Ashland, Kansas",,424156,11615,www.stockgrowersbank.com,67831,
Norway Savings Bank,,289702,11623,www.norwaysavings.bank,04268,
The First State Bank of Healy,,864855,11626,www.fsbhealy.com,67850,
Bank of Prairie Village,The Hartford State Bank,673851,11636,https://www.bankofprairievillage.com,66208,
The Citizens State Bank,,273550,11637,www.thecsb.com,67107,
Legacy Bank,State Bank of Colwich,785950,11640,www.legacy.bank,67030,
Mechanics Bank,The Mechanics Bank of Richmond,936462,1171,www.mechanicsbank.com,94596,
Outdoor Bank,Leonardville State Bank,43351,11648,www.outdoorbank.com,66503,
DLP Bank,Community State Bank,853934,11691,http://www.communitystatebank-fl.com,32091,
City National Bank of West Virginia,The City National Bank of Charleston,1011526,11692,www.bankatcity.com,25304,
The Hometown Savings Bank,Terre Haute Savings Bank,697147,11693,http://www.thsb.com,47807,
Plains State Bank,,972862,11696,http://www.psbplains.com,77338,
Maine Community Bank,Biddeford Savings Bank,499501,11697,www.maine.bank,04101,
Saco & Biddeford Savings Institution,,339607,11699,www.sbsavings.bank,04072,
Bath Savings Institution,,433505,11704,www.bathsavings.bank,04530,
Androscoggin Savings Bank,Androscoggin County SAvings Bank,132107,11706,www.androscogginbank.com,04240,
The Baltic State Bank,,112510,11713,balticstatebank.com,43804,
Centreville Bank,Centreville Savings Bank,876700,11718,http://www.centrevillebank.com,02893,
Guaranty Bank and Trust Company,Team Bank and Trust Company,289739,11721,guaranty-bnk.com,70760,
Bank of Hays,The Hanston State Bank,746755,11723,www.bankofhays.com,67601,
Blue Ridge Bank,Blue Ridge Bank of Walhalla,174321,11727,blueridge.bank,29691,
First State Bank,,719964,11729,www.fsbpaintrock.com,76866,
The State Bank,The La Junta State Bank,387055,1176,www.redibank.com,81050,
Pikes Peak National Bank,Pikes Peak Bank of Commerce,643658,11734,http://www.ppnb.com,80904,
The Citizens State Bank of Ouray,,98351,1177,www.csbcolorado.com,81427,
Rollstone Bank & Trust,Fitchburg Savings Bank,837608,11746,http://www.rollstonebank.com,01420,
Beacon Bank and Trust,Brookline Savings Bank,782306,11747,www.beaconbank.com,02445,
Talbot State Bank,The Woodland Bank,577230,141,www.talbotstatebank.com,31836,
Farmers State Bank of Calhan,Farmers State Bank of Peyton,956956,1178,www.yourfsb.com,80808,
Citizens Bank,Citizens Bank of Corvallis,98463,11757,www.citizensEbank.com,97333,
First State Bank Shannon-Polo,First State Bank of Shannon,232847,1179,http://www.fsbshannon-polo.com,61078,
First National Bank in Port Lavaca,,855264,11759,WWW.FNBPORTLAVACA.COM,77979,
Bank of Hazelton,,856458,11761,www.bankofhazelton.net,58544,
Boelus State Bank,,472250,11771,boelusbank.com,68820,
Citizens' Bank of Charleston,,376947,11776,www.citizensbankinfo.bank,63834,
Kaw Valley State Bank and Trust Company,The Kaw Valley State and Savings Bank,368951,11777,kvsb.com,66547,
"Wilmington Savings Fund Society, FSB",Wilmington Savings Fund Society,437914,11782,www.wsfsbank.com,19801,
Vermilion Bank & Trust Company,,754536,11783,http://www.vermilionbank.com,70548,
Texas Bank and Trust Company,First State Bank of Longview,949154,11784,www.texasbankandtrust.com,75601,
Longview Bank,Longview State Bank,380533,1183,www.longviewbank.com,61859,
Sterling State Bank,"Sterling State Bank, Austin, Minnesota",144155,11804,www.sterlingstatebank.com,55912,
Cambridge Savings Bank,,758703,11809,www.cambridgesavings.com,02138,
"First National Bank, Cortez",,968155,11811,www.fnbcortez.com,81321,
Bank of Louisiana,Bank of Louisiana in New Orleans,271136,11817,www.bankoflouisiana.com,70130,
Freedom Bank,First State Bank,432058,11820,www.freedombanktexas.com,78516,
Kennebec Savings Bank,,583905,11836,www.kennebecsavings.bank,04330,
Maquoketa State Bank,,683449,11842,www.maquoketasb.bank,52060,
American Bank & Trust Company,,83834,11844,http://www.americanbankandtrust.net,70570,
Morris Bank,The Morris State Bank,423739,11848,http://morrisstate.com,31021,
First National Bank of Fort Stockton,,397456,11851,https://www.fnbfst.com,79735,
Strasburg State Bank,,890957,11859,www.strasburgstatebank.com,58573,
Vintage Bank Kansas,The State Bank of Leon,45458,11863,www.vintagebankks.com,67074,
Blue Ridge Bank and Trust Co.,Blue Ridge Bank,935250,11868,www.blueridgebank.com,64057,
Franklin Bank & Trust Company,,493844,11871,www.fbtco.com,42134,
Liberty Bank,The Middletown Savings Bank,587800,11877,www.liberty-bank.com,06457,
First State Bank,,796152,11883,www.bankatfsb.com,77531,
Franklin Savings Bank,,491402,11884,www.fsbnh.bank,03235,
The Dolores State Bank,,63050,11892,mydsb.com,81323,
Merrimack County Savings Bank,,74403,11893,http://www.mcsbnh.com,03301,
State Bank of Southern Utah,,656470,11897,http://www.sbsu.com,84721,
The Commercial Bank Of Ozark,THE COMMERCIAL BANK OF OZARK,522034,11906,www.cbozark.com,36360,
Castroville State Bank,,742056,11910,http://www.CASTROVILLESTATEBANK.COM,78009,
The Walton State Bank,,490955,11913,waltonstatebank.com,67151,
First Hawaiian Bank,Bishop National Bank of Hawaii,980661,11916,www.fhb.com,96813,
Keystone Savings Bank,,931944,11924,www.keystonesavings.bank,52301,
Bank of Greeley,,857259,11926,https://bankofgreeley.com,66033,
Bank of New Hampshire,Laconia Savings Bank,265407,11942,www.BNH.bank,03246,
Mascoma Bank,Mascoma Savings Bank,268006,11943,www.mascoma.bank,03766,
Patriots Bank,Kansas State Bank,297051,11948,http://www.patriotsbank.com,66032,
Sugar River Bank,Sugar River Savings Bank,92706,11957,www.sugarriverbank.com,03773,
Savings Bank of Walpole,,598002,11959,www.walpolebank.com,03608,
Security Bank of the Ozarks,Eminence Security Bank,956358,11962,www.sbozarks.com,65466,
Claremont Savings Bank,,47500,11965,www.claremontsavings.bank,03743,
Bank of Hawaii,,795968,11978,www.boh.com,96813,
The Bank of Commerce,,324863,11983,www.bofc.bank,83406,
COREBANK,First State Bank,474656,11987,corebankok.com,73860,
The Watkins Savings Bank,,437044,11995,http://watkinsbank.com,52354,
Better Banks,Dunlap State Bank,851631,1201,http://www.betterbanks.com,61615,
Marquette Farmers State Bank of Marquette,The Farmers State Bank,388258,12016,www.mfsb.com,67464,
CoreFirst Bank & Trust,Commerce Bank and Trust,361055,12022,www.cbtks.com,66611,
"The Farmers State Bank of Bucklin, Kansas",,14753,12023,www.fsbbucklin.com,67834,
TriCentury Bank,"The Farmers State Bank of Simpson, Kansas",196752,12031,http://www.tricentury.bank,66018,
Bank of the Plains,The Plains State Bank,302553,12040,www.bankoftheplains.com,67869,
"The Farmers State Bank of Aliceville, Kansas",,138051,12042,http://www.fsbaliceville.com,66093,
BankNewport,Bank of Newport,546003,12050,www.banknewport.com,02842,
First National Bank of Wauchula,,89135,12057,www.fnbwauchula.com,33873,
Oconee State Bank,OCONEE STATE BANK,573036,12064,www.oconeestatebank.com,30677,
State Bank of Eagle Butte,,403656,12066,www.statebankofeaglebutte.com,57625,
Bridge City State Bank,,43959,12076,www.bridgecitybank.com,77611,
Garfield County Bank,,608358,12085,www.garfieldcountybank.com,59337,
The Stockgrowers State Bank,,265452,12086,www.stockgrowers.biz,66507,
Bank of O'Fallon,,410748,12091,http://www.bankofallon.com,62269,
Community National Bank & Trust of Texas,Corsicana National Bank,738769,12105,WWW.MYBANKTX.COM,75110,
Union Savings Bank,The Union Savings Bank of Danbury,443205,12110,https://www.unionsavings.com,06810,
Ascend Bank,The Guilford Savings Bank,831008,12114,www.ascend.bank,06437,
Ion Bank,Naugatuck Savings Bank,407506,12118,www.ionbank.com,06770,
Newtown Savings Bank,,507509,12119,www.nsbonline.com,06470,
Dime Bank,The Dime Savings Bank of Norwich,311603,12120,http://www.dime-bank.com,06360,
First County Bank,The Stamford Savings Bank,958204,12124,www.firstcountybank.com,06901,
Fowler State Bank,,554343,1211,WWW.FOWLERSTATEBANK.COM,47944,
Fairfield County Bank,Ridgefield Savings Bank,882701,12133,fairfieldcountybank.com,06877,
Tejas Bank,Iraan State Bank,857455,12136,www.mytejasbank.com,79756,
"Webster Bank, National Association",Webster Bank,761806,12139,www.websterbank.com,06905,
Stafford Savings Bank,,113003,12144,www.staffordsavingsbank.com,06076,
Northwest Community Bank,Northwest Bank for Savings,545604,12146,www.nwcommunitybank.com,06098,
Jewett City Savings Bank,,820301,12153,www.jcsbank.com,06351,
Chelsea Groton Bank,The Chelsea Groton Savings Bank,345309,12154,www.chelseagroton.com,06340,
Thomaston Savings Bank,,120609,12174,www.thomastonsavingsbank.com,06787,
Northern Bank & Trust Company,Woburn Bank and Trust Company,900306,12182,www.nbtc.com,01801,
Community State Bank,Altoona State Bank,790543,12188,www.bankcsb.com,50023,
Farmers Savings Bank,,624648,12200,www.fsbfostoria.com,51340,
The Fairmount State Bank,,503547,1215,www.fairmountstatebank.com,46928,
Hawaii National Bank,"Hawaii National Bank, Honolulu",915065,12212,www.hawaiinational.bank,96817,
Southside Bank,Southside State Bank,361167,12213,www.southside.com,75701,
The Merchants & Citizens Bank,,784430,145,http://www.merchantsandcitizensbank.com,31055,
First State Bank,First State Bank of Shallowater,524766,12217,www.fsbshallowater.com,79363,
Producer Bank of Texas,Powell State Bank,856869,12218,POWELLSTATEBANK.NET,75153,
State Bank,State Bank of Lizton,345747,1219,www.statebank1910.bank,46112,
Boston Trust Walden Company,Boston Trust & Investment Management Company,972406,12256,www.bostontrustwalden.com,02108,
UBank,Huntington State Bank,917555,12258,www.u.bank,75949,
North Dallas Bank & Trust Co.,,490450,12268,www.ndbt.com,75230,
Citizens State Bank,,413543,12269,http://www.csbsheldon.com,51201,
Coulee Bank,The Coulee State Bank,457752,12273,www.couleebank.net,54601,
Security State Bank,,319551,12284,www.ssbscott.com,67871,
Security State Bank of Wanamingo,"Security State Bank of Wanamingo, Incorporated",211851,12288,http://www.ssbwanamingo.com,55983,
First Independent Bank,Bank of Seligman,366658,12290,https://www.fibaurora.com,65605,
Northeast Security Bank,First State Bank,442244,12292,www.bankNSB.com,50674,
Regional Missouri Bank,Bank of Bynumville,579140,12293,www.regionalmo.bank,64658,
Western Commerce Bank,Loving State Bank,169756,12297,http://www.wcb.net,88220,
Community State Bank,,987848,1225,www.csbnetbank.com,46978,
Farmers Savings Bank,,741844,12300,www.fsb-iowa.com,50158,
Iowa Trust & Savings Bank,,649342,12306,www.iowatrustbank.com,50536,
Blackhawk Bank & Trust,Blackhawk State Bank,890742,12308,www.choosethechief.com,61264,
Bangor Savings Bank,BANGOR SAVINGS BANK,419406,12314,www.bangor.com,04401,
"TD Bank, National Association",Peoples Heritage Savings Bank,497404,12315,www.td.com/us/en/personal-banking/,19808,
Morton Community Bank,,825146,12333,www.hometownbanks.com,61550,
The Farmers and Merchants Bank,,629746,1228,www.fmbank.org,47921,
First Bank Kansas,First Bank and Trust Co.,192558,12335,www.firstbankkansas.com,67401,
CUSB Bank,Cresco Union Savings Bank,900146,12343,www.cusb.com,52136,
Security State Bank,,527749,12348,http://www.ssbiowa.com,50230,
Zapata National Bank,First National Bank of Zapata,218261,12353,zapatanationalbank.com,78076,
Heritage Bank,Delhi Savings Bank,225942,12361,www.heritagemarion.bank,52302,
The Bippus State Bank,,443148,1230,www.bippusbank.com,46750,
First Kansas Bank,The First National Bank in Hoisington,1492817,12371,www.firstkansasbank.com,67544,
Andes State Bank,,410159,12378,www.andesstatebank.com,57356,
Adams Bank & Trust,Keith County Bank,463650,12384,http://www.abtbank.com,69153,
Wayne Bank and Trust Co.,The Wayne Trust Company,451246,1231,http://www.waynebankonline.com,47374,
Cathay Bank,,595869,12395,www.cathaybank.com,90012,
First Security State Bank,Evansdale State Bank,681043,12400,www.fssbonline.com,50707,
First New Mexico Bank,Deming National Bank,712956,12406,www.firstnewmexicobank.com,88030,
Westside State Bank,Farmers Savings Bank,972143,12410,www.westsidestate.bank,51467,
First Service Bank,First State Bank of Dermott,458544,12411,https://www.firstservicebank.com,72058,
First Security Bank and Trust Company,First Security Bank & Trust Company,894544,1233,www.1stsecurity.bank,50616,
"Sunrise Banks, National Association",University National Bank,860053,12449,www.sunrisebanks.com,57108,
First National Bank of Brookfield,,465038,12452,http://www.fnbb.com,60513,
Peoples Bank of Kankakee County,Peoples Bank Marycrest,821036,12454,www.peoplesbankdirect.com,60914,
Community Bank of Easton,,958231,12456,,62633,
Peoples State Bank,People's State Bank,340144,12457,www.bankpeoples.com,54401,
Waukon State Bank,,436542,1236,www.waukonstatebank.com,52172,
Bank of Texas,Kent County State Bank,925653,12463,www.bankoftexasonline.com,79701,
Commercial Bank,Central National Bank of Alma,513340,12471,www.commercial-bank.com,48847,
First Bank of Owasso,First National Bank of Owasso,637554,12478,http://www.firstbank.net,74055,
Montezuma State Bank,,700140,1238,http://www.montestatebank.com,50171,
American Bank of Commerce,"American Bank of Commerce at Wolfforth, Texas",215662,12494,www.theabcbank.com,79382,
The Union State Bank of Everest,,736550,12495,www.mybankusb.com,66424,
SMBC MANUBANK,Manufacturers Bank,930965,12503,www.smbcmanubank.com,90071,
Citizens Bank & Trust Co. of Jackson,Citizens Bank of Jackson,765318,12505,www.citizensbankjackson.bank,41339,
First Bank and Trust Company of Illinois,First State Bank of Palatine,646444,12523,www.firstbankillinois.com,60067,
The Kansas State Bank Overbrook Kansas,,582654,1241,www.theksb.com,66524,
Charter Bank,Charter Bank - Northwest,814458,12539,www.charterbankcc.com,78410,
"The Farmers State Bank of Oakley, Kansas",,278256,1243,http://www.fsboakley.com,67748,
Victory Bank,The Security State Bank,304762,12551,victory.bank,79407,
The Bank of Tescott,,54058,1244,www.bankoftescott.com,67484,
Union State Bank,The Union State Bank,227151,1245,www.myunionstate.bank,67005,
Texas State Bank,,748964,12569,txbank.com,76901,
North Valley Bank,,350750,12579,www.nvbank.bank,80229,
FirstBank,FirstBank of Colorado,288853,12582,www.efirstbank.com/,80215,
Grand Timber Bank,State Bank of McGregor,918356,12587,www.grandtimberbank.com,55760,
Citizens State Bank,,235558,12592,www.carletonbank.com,68326,
"Newtek Bank, National Association",National Bank of New York City,502111,12601,www.newtekbank.com,33131,
Bank of Labor,The Brotherhood Bank and Trust Company,246657,1250,http://www.bankoflabor.com,66202,
Heartland Bank,Geneva State Bank,88455,12606,www.myheartland.bank,68361,
Bruning Bank,Bruning State Bank,71457,12614,http://www.bruningbank.com,68322,
Foundation One Bank,Waterloo State Bank,102557,12626,www.foundationonebank.com,68069,
Sundown State Bank,The First National Bank of Sundown,412667,12641,www.sundownsb.com,79372,
Cedar Rapids State Bank,,1005851,12678,http://www.cedarrapidsstatebank.com,68627,
Phelps County Bank,,342054,12697,www.mypcb.com,65401,
Oklahoma Capital Bank,First National Bank of Turley,284154,12711,www.oklahomacapitalbank.com,74136,
The Hocking Valley Bank,The Hocking Valley Bank of Athens Company,230610,12713,https://www.hvbonline.com,45701,
Kennett Trust Bank,Kennett National Bank,795959,12731,http://www.kennetttrustbank.com,63857,
First National Bank of Gillette,,890050,12732,www.fnbgillette.com,82716,
Neighborhood National Bank,Peoples National Bank of Mora,705556,12737,www.neighborhood.bank,55051,
Kress National Bank,,995955,12743,WWW.KNBKRESS.COM,79052,
First National Bank of Lake Jackson,,560353,12745,www.fnblj.com,77566,
Tri City National Bank,Tri City National Bank of Oak Creek,242444,12769,www.tcnb.com,53154,
Old Glory Bank,First State Bank,116554,12771,www.oldglorybank.com,73433,
Bank of Belle Glade,,302030,12777,http://www.bankofbelleglade.com,33430,
St. Martin National Bank,,856159,12784,www.stmartinnationalbank.com,56376,
"The Bank of San Jacinto County, Coldspring, Texas",San Jacinto County State Bank,678052,12787,www.banksjc.com,77331,
Farmers and Merchants Bank,,891226,1263,www.fmb1919.bank,21155,
River City Bank,First Security Bank of Elk Grove,253468,12827,http://www.rivercitybank.com,95833,
First Independent Bank,Farmers State Bank of Russell,761851,1266,www.fibmn.com,56169,
First Midwest Bank of Dexter,First State Bank of Dexter,770853,12843,www.fmbdexter.unifi-digitalbanking.com,63841,
Parkway Bank and Trust Company,Parkway Bank,1001639,12849,www.parkwaybank.com,60706,
Legacy Bank,Grundy National Bank,268828,12852,www.mylegacybank.net,24614,
Commercial National Bank of Texarkana,,794149,12864,www.cnbtxk.com,75503,
St. Clair State Bank (Incorporated),,854753,1268,http://www.stclairstatebank.com,56080,
"Profinium, Inc.","Profinium Financial, Inc.",865450,1270,www.profinium.com,56088,
Triumph State Bank,,803256,1271,http://www.triumphbanks.com,56176,
First National Bank of Clarksdale,,11640,12904,www.fnbclarksdale.com,38614,
The Wanda State Bank,,190956,1273,www.wandastatebank.com,56294,
Inwood National Bank,Inwood National Bank of Dallas,913753,12913,www.InwoodBank.Com,75209,
Bank of Lindsay,,111157,12919,https://www.bankoflindsay.com,68644,
Harford Bank,Harford National Bank,660927,12933,www.harfordbank.com,21001,
Peoples Bank of Macon,,418436,12937,,62544,
First Western Bank & Trust,First Western State Bank of Minot,687951,12955,www.firstwestern.bank,58701,
Castle Rock Bank,"First State Bank of Castle Rock, Incorporated",152253,1278,www.castlerockbank.net,55010,
United Community Bank,Community Bank of Lafourche,90337,12970,WWW.UCBANKING.COM,70394,
First State Bank,,36933,12987,www.firstate.net,30833,
Hilltop National Bank,,1454,13005,WWW.HILLTOP.BANK,82609,
First Midwest Bank of the Ozarks,First Midwest Bank of Poplar Bluff,228158,13030,www.onemidwest.com,63901,
Security National Bank of Omaha,,844053,13031,www.securitynational.bank,68124,
Benchmark Bank,Quinlan State Bank,980960,13033,www.benchmarkbank.com,75024,
ANB Bank,American National Bank,828651,13038,ANBBANK.COM,80206,
Fremont Bank,FREMONT BANK,739560,13040,www.fremontbank.com,94538,
Community National Bank in Monmouth,,775241,13046,www.cnbmonmouth.com,61462,
American Bank,American Bank & Trust Company,597452,13050,www.americanbankusa.com,70433,
Heritage Bank National Association,Citizens National Bank of Willmar,901358,13069,www.heritagebankna.com,56288,
Banner Capital Bank,"Banner County Bank, Inc.",275255,13087,www.bcbank.net,69345,
Carmine State Bank,,732954,13091,www.carminestatebank.com,78932,
Logan Bank & Trust Company,,164331,13098,www.lbandt.com,25601,
Firstar Bank,"First National Bank, Sallisaw",427353,13101,www.firstar.bank,74955,
Farmers State Bank of Trimont,Farmers State Bank of Monterey,803658,1294,www.trimontbank.com,56176,
American National Bank,West Omaha National Bank,660655,13113,www.american.bank,68114,
New Market Bank,First State Bank of New Market,165758,1296,www.newmarket.bank,55054,
Citizens State Bank Norwood Young America,Citizens State Bank of Norwood,875655,1298,www.citizensstatebanknya.com,55368,
Republic Bank of Chicago,,671334,13145,www.republicebank.com,60523,
First Missouri Bank of SEMO,First National Bank,991359,13159,www.myfm.bank,63857,
Bank of Estes Park,First National Bank of Estes Park,550354,13161,www.bankofestespark.com,80517,
Hodge Bank & Trust Company,,931355,13164,www.hodgebank.net,71247,
Round Top State Bank,,665865,13168,www.roundtopstatebank.com,78954,
Community State Bank of Missouri,Community State Bank of Bowling Green,825548,1301,www.c-s-b.com,63334,
Bank of Crocker,,765354,1302,www.bankofcrocker.com,65583,
Relyance Bank,Pine Bluff National Bank,49241,13179,www.Rely.Bank,71602,
Park State Bank & Trust,Park State Bank,480059,13188,www.psbtrust.bank,80863,
Unison Bank,Stutsman County State Bank,676151,13201,www.unisonbank.com,58401,
Capital Bank,Jacinto City Bank,596156,13206,www.capitalbanktx.com,77029,
"The Tipton Latham Bank, National Association",The Bank of Latham,984856,1304,www.tiptonlathambank.com,65081,
CTBC Bank Corp. (USA),Trans American National BAnk,996260,13219,http://www.ctbcbankusa.com,90017,
Citizens Bank of the South,Citizens Bank of Washington County,367431,13223,www.cbots.com,31082,
BAC Community Bank,Bank of Agriculture and Commerce,5461,13236,www.bankbac.com,95202,
First Financial Bank,Bank of West Blocton,292234,13241,www.ffbalabama.com,35020,
BNA Bank,Bank of New Albany,916745,13249,www.bnabank.com,38652,
Metz Banking Company,,772754,1307,www.metzbank.bank,64772,
United Community Bank,Chatham Community Bank,439338,13260,www.ucbbank.com,62629,
Alliant Bank,Madison Bank,35057,1308,www.alliantbank.com,65263,
Consumers National Bank,Minerva National Bank,477321,13282,www.consumers.bank,44657,
First National Bank of Tennessee,First National Bank of Livingston,283737,13302,www.fnbotn.com,38570,
Bank of Springfield,,248240,13306,www.bankwithbos.com,62711,
Royal Banks of Missouri,Citizens Bank of University City,501459,13312,http://www.royalbanksofmo.com,63132,
Mt. McKinley Bank,Mt. McKinley Mutual Savings Bank,542667,13325,www.mtmckinleybank.com,99701,
Machias Savings Bank,,137205,13331,www.MachiasSavings.com,04654,
Skowhegan Savings Bank,,401906,13332,www.skowhegan.com,04976,
Pioneer Bank,Pioneer Valley Savings Bank,300942,13340,www.pioneerbanks.com,51054,
Madison Valley Bank,First Madison Valley Bank,596455,13344,www.madisonvalleybank.com,59729,
TexasBank,The Southwest State Bank,232856,13359,www.texasbank.com,76801,
Citizens Bank of Eldon,,954251,1315,www.cbeldon.com,65026,
Lakeside Bank,,201834,13373,http://WWW.LAKESIDEBANK.COM,60601,
Bell Bank,State Bank & Trust,929352,13381,www.bell.bank,58103,
Northern State Bank of Virginia,,774253,13388,www.nsbov.com,55792,
Altamaha Bank & Trust Company,Altamaha Bank and Trust Company,199436,13389,www.altamaha.bank,30474,
The Commercial Bank,,491653,13394,http://www.tcbmason.com,76856,
"Academy Bank, National Association",Air Academy National Bank,535753,13399,www.academybank.com,64106,
"HomeTown Bank, National Association","Bank of Galveston, National Association",393953,13402,www.hometown.bank,77550,
The Park Bank,,403946,13407,www.park.bank,53713,
International Bank of Commerce,Bank of Commerce of Laredo,1001152,13428,www.ibc.com,78040,
"Guaranty Bank & Trust Company of Delhi, Louisiana",,969255,13437,www.gbankla.com,71232,
Lamar Bank and Trust Company,Lamar Trust Company,767255,1322,https://www.lbt.com,64759,
Fidelity Bank,Fidelity National Bank of West Memphis,848248,13443,www.fidelitybanker.com,72301,
The Citizens Bank of Weston,,639633,13473,www.citzensbankweston.com,26452,
Citizens Bank of Ada,Citizens Bank & Trust Company of Ada,807656,13478,http://www.citizensada.bank,74820,
The Security State Bank,,598132,13479,https://securitystate.net,31055,
Community Bank of Parkersburg,Community Savings Bank of Parkersburg,901134,13480,www.communitybankpkbg.com,26101,
Garden Plain State Bank,,987651,13486,http://www.gpsbank.com,67209,
State Bank of Whittington,,270148,13488,www.statebankofwhittington.com,62812,
Northeast Bank,"Northeast Bank, F.S.B.",468806,13489,www.northeastbank.com,04101,
Alliance Bank,Peoples State Bank of Francesville,493741,158,www.myalliancebank.com,47946,
ValueBank Texas,The International Bank of Corpus Christi,964157,13499,www.valuebanktexas.com,78411,
First Central State Bank,,639549,13512,www.firstcentralsb.bank,52742,
Citizens Bank & Trust Company,,657758,1327,www.ctznsbank.com,59011,
Farmers State Bank,Farmers Clearing Bank,113030,13516,www.farmersstate-online.net,31021,
"First Westroads Bank, Inc.",,222754,13538,www.FIRSTWESTROADS.BANK,68118,
"Citizens Bank & Trust Company of Vivian, Louisiana",,767554,13540,www.cbtofvivian.com,71082,
South Lafourche Bank & Trust Company,,135836,13550,www.slbank.com,70373,
IncredibleBank,River Valley State Bank,163549,13566,www.incrediblebank.com,54401,
The Yellowstone Bank,,680457,1330,yellowstonebank.com,59044,
Peoples Bank,Lorenzo State Bank at Lorenzo,819855,13582,www.peoplesbanktexas.com,79424,
AbbyBank,Abbotsford State Bank,198149,13589,www.abbybank.com,54405,
Midland Community Bank,,822631,13590,www.mcbbank.net,62540,
Valley Bank of Kalispell,The State Bank of Somers,473257,1332,www.valleybankmt.com,59901,
Plaquemine Bank & Trust Company,,89032,13594,http://www.plaqbank.com,70764,
Hershey Bank,The Hershey State Bank,96553,13603,WWW.HERSHEYBANK.COM,69143,
Southeast First National Bank,First National Bank of Chattooga County,563934,13612,WWW.SOUTHEASTFNB.COM,30747,
The First State Bank of Malta,,615253,1334,www.fsbmalta.com,59538,
"Pioneer Trust Bank, National Association",Pioneer Trust Company,852973,13620,WWW.PIONEERTRUSTBANK.COM,97301,
Western Nebraska Bank,Curtis State Bank,248352,1335,www.westernnebraskabank.com,69025,
Franklin Savings Bank,Franklin County Savings Bank,228000,13629,www.franklinsavings.bank,04938,
West Gate Bank,,207050,13643,my.westgate.bank,68516,
Commercial State Bank,,924553,1337,,68971,
KS StateBank,Kansas State Bank of Manhattan,160959,13676,http://ksstate.bank,66502,
Centinel Bank of Taos,,800853,13679,www.centinelbank.com,87571,
Pathway Bank,The State Bank of Cairo,73554,1338,www.pathwaybank.com,68824,
CerescoBank,Farmers & Merchants Bank,75651,1339,WWW.CERESCOBANK.COM,68017,
Israel Discount Bank of New York,IDB Trust Company,320119,13718,www.idbny.com,10036,
The Pennsville National Bank,,828110,13719,www.pennsvillenb.com,08070,
Bessemer Trust Company,,7009,13746,http://www.bessemertrust.com,07095,
Eastern National Bank,Peoples Hialeah National Bank,171133,13755,www.enbfl.com,33156,
All America Bank,The First Mustang State Bank,25357,13803,https://www.allamerica.bank,73128,
Texas Exchange Bank,"Texas Exchange Bank, ssb",822556,13808,www.txexbank.com,76036,
Tower Community Bank,Citizens State Bank,989730,13809,www.towercommunitybank.com,37347,
BankFirst,Bank of Norfolk,117458,13828,mybankfirst.bank,68701,
Kirkpatrick Bank,American Bank and Trust,67151,13850,www.kirkpatrickbank.com,73013,
Citizens Bank of Las Cruces,,1016857,13854,www.citizenslc.com,88001,
Ascent Bank,First Security Bank of Helena,647955,13855,www.ascentbank.com,59601,
Sunwest Bank,Santiago Bank,140362,13857,www.sunwestbank.com,84070,
First Independence Bank,First Independence National Bank of Detroit,254849,13869,www.firstindependence.com,48202,
South Georgia Banking Company,,767732,13883,www.sgbconline.com,31775,
Pinnacle Bank,First State Bank,867650,13912,www.pinnbanktx.com,76102,
City National Bank of Florida,City Bank of Hallandale,814430,13915,www.citynational.com,33130,
Bank of Cadiz and Trust Company,Bank of Cadiz,904845,13920,www.bankofcadiz.com,42211,
"American Bank, National Association",American National Bank,807955,13922,www.americanbank.com,78401,
Scale Bank,Fidelity Bank,9357,13944,scale.bank,55435,
The Community State Bank,Poteau State Bank,706254,13954,www.thecommunitysb.com,74953,
Johnson Bank,Heritage Bank and Trust,58243,13970,www.johnsonfinancialgroup.com,53403,
American Bank,Western State Bank,630555,13984,www.americanbankmontana.com,59715,
Gulf Coast Bank,,459130,14016,www.gcbank.com,70510,
Farmers & Merchants Bank,,348720,1350,www.fmbnc.com,28146,
Heartland Bank and Trust Company,Bank of Carlock,426534,14032,http://www.hbtbank.com,61704,
Bank of the Orient,,777366,14046,www.bankorient.com,94108,
Liberty Bank,Bank of Geraldine,386432,14081,https://www.libertybankal.com,35974,
Citizens Bank of Edinburg,,915935,14101,http://www.edinburgbank.net,62531,
FirstState Bank,First State Bank of Clay County,540739,14114,www.firststatebank.bank,36266,
First Security Bank of Roundup,First Security Bank,625056,14123,www.1stsecurityroundup.com,59072,
Benchmark Community Bank,The Lunenburg County Bank,94522,14128,http://www.BCBonline.com,23944,
Five Points Bank,,554857,14132,www.5pointsbank.com,68803,
Ameris Bank,American Banking Company,764030,14145,http://www.amerisbank.com,30305,
American Bank and Trust Company,American Bank of Tulsa,452159,14174,www.americanbanktulsa.com,74135,
Lumbee Guaranty Bank,Lumbee Bank,651121,14199,www.lumbeeguarantybank.com,28372,
State Bank & Trust of Kenmare,State Bank of Kenmare,675659,1361,www.sbtk.com,58746,
Byline Bank,North Community Bank,129732,14234,www.bylinebank.com,60601,
First Security Bank of Deer Lodge,,670654,14260,www.1stsecuritydl.com,59722,
The Fahey Banking Company,,520423,1368,www.faheybank.com,43302,
Southern Heritage Bank,Jonesville Bank & Trust Company,935559,14293,http://www.shbnet.com,71343,
Tennessee State Bank,,479839,14310,www.tnstatebank.com,37863,
"Dallas Capital Bank, National Association","Town North Bank, National Association",384652,14317,www.dallascapitalbank.com,75254,
"Pioneer Bank, National Association",Pioneer Savings Bank,237619,14326,www.pioneerny.com,12211,
Border Bank,Union State Bank of Fargo,977951,14350,www.border.bank,58103,
Citizens Tri-County Bank,Citizens Bank of Dunlap and Pikeville,162337,14382,www.ctcbonline.com,37327,
Wallis Bank,Wallis State Bank,283867,14401,www.wallisbank.com,77485,
Liberty Bank and Trust Company,,283438,14407,www.libertybank.net,70127,
Citizens Guaranty Bank,,764816,14420,www.cg.bank,40475,
Bank of Guam,,711472,14428,www.bankofguam.com,96910,
The National Capital Bank of Washington,,791821,1380,www.nationalcapitalbank.bank,20003,
Citizens National Bank,,717737,14470,www.cnbtn.com,37862,
Independence Bank,First Security Bank of Havre,606653,14494,www.ibyourbank.com,59501,
The Hardin County Bank,,526854,14498,www.hardincountybank.bank,38372,
Tri-County Bank & Trust Company,,914545,165,tcbnow.bank,46172,
The Conway National Bank,,631422,1385,www.conwaynationalbank.com,29526,
The Bank of Tampa,Independent Bank of Florida,273336,14533,www.bankoftampa.com,33606,
"First State Bank of the South, Inc.",First State Bank of Lamar County,250430,14549,WWW.FIRSTSTATEBANKSOUTH.COM,35586,
First National Bank of South Carolina,The First National Bank of Holly Hill,347022,1387,http://www.fnbsc.com,29059,
Texas Bank,Texas Bank of Tatum,414764,14563,http://www.texasbnk.com,75652,
United Mississippi Bank,First Natchez Bank,544335,14570,www.unitedmsbk.com,39120,
Bank of Ontario,,37341,14572,www.myvernoncountybank.com,54651,
The Western State Bank,,988153,14600,http://www.wsbks.com,67846,
Bank of the Bluegrass and Trust Company,Bank of the Bluegrass,1006513,14629,www.bankofthebluegrass.com,40507,
"Bank of the Mountains, Inc.",,422116,14673,http://www.bankofthemountains.com,41472,
CBBC Bank,Citizens Bank of Blount County,218131,14679,www.cbbc.bank,37804,
"First Kentucky Bank, Inc.",Exchange Bank,263243,14693,www.firstkentucky.com,42066,
Lakeside Bank of Salina,,391557,14700,lakesidebankofsalina.com,74365,
Bradesco Bank,Popular Bank of Hialeah,725732,14709,www.bradescobank.com,33134,
Bank of Pensacola,First Navy Bank,581237,14726,www.bankpensacola.com,32502,
PeoplesSouth Bank,Peoples Community Bank,518037,14733,http://www.peoplessouth.com,39837,
NBT Financial Bank,The National Bank of Texas at Fort Worth,406059,14760,www.nbt.bank,76106,
Sonata Bank,Sebree Deposit Bank,62044,14767,www.sonatabank.com/,37027,
First Naturalstate Bank,The First National Bank of McGehee,78241,14790,www.fnsbank.com,71654,
Queensborough National Bank & Trust Company,The First National Bank & Trust Company,960935,1410,www.qnbtrust.bank,30434,
Washington State Bank,,433943,169,http://www.washsb.com,52353,
Redemption Bank,Holladay Bank & Trust,617275,14833,www.redemptionbank.com,84117,
Bank of Monticello,The First National Bank of Monticello,805335,1416,www.bankofmonticelloga.com,31064,
Fidelity Bank of Texas,Robinson State Bank,741068,14840,www.fbot.com,76708,
Crossroads Bank,,158741,14859,www.crossroadsbank.com,62401,
Cornerstone State Bank,Le Sueur State Bank,914853,14886,WWW.CORNERSTONESTATEBANK.COM,56069,
West Central Georgia Bank,,280138,14887,www.wcgb.com,30286,
Bank of Oak Ridge,,687054,14890,www.bankofoakridge.bank,71264,
The Geo. D. Warthen Bank,The Geo. D. Warthen National Bank,305237,1423,WWW.GDWBANK.COM,31082,
Three Rivers Bank of Montana,First Security Bank of Kalispell,610557,14911,WWW.THREERIVERSBANKMONTANA.COM,59901,
"American Bank, National Association",Pan American National Bank of Dallas,494654,14919,abdallas.bank,75220,
First State Bank of Randolph County,First State Bank,140634,1426,,39840,
Bank of Tennessee,,340135,14924,www.bankoftennessee.com,37660,
The Bank of Greene County,Greene County Savings Bank,214106,14936,www.tbogc.com,12414,
The First National Bank of Waynesboro,,31134,1429,www.fnbwaynesboro.com,30830,
HCN Bank,Bank of Hemet,183668,14945,http://www.hcnbank.com,92506,
The Bank of Bourbonnais,Bank of Bourbonnais,308836,14969,http://www.bankofbourbonnais.bank,60914,
Peoples Bank of Graceville,,717232,15013,www.peoplesgraceville.com,32440,
Lakeside Bank,Lakeside National Bank,32766,15014,http://www.LBTEXAS.com,75032,
Premier Bank,Maplewood State Bank,33259,15029,www..premierbanks.com,55109,
Citizens Business Bank,Chino Valley Bank,933966,15031,http://www.cbbank.com,91764,
Heritage Bank of Schaumburg,,337340,15035,www.hbschaumburg.com,60194,
Farmers and Merchants State Bank,,677756,15041,http://www.fmbanklangdon.com,58249,
First State Bank,,965051,15059,www.fsbwatonga.com,73772,
"JPMorgan Chase Bank, Dearborn",National Bank of Dearborn,651448,15067,,48126,
First Port City Bank,,262237,15088,www.firstportcity.com,39819,
First State Bank of DeQueen,,519146,15105,www.fsbdequeen.com,71832,
Lovelady State Bank,,764151,15107,www.loveladystatebank.com,75851,
Mizuho Bank (USA),The Fuji Bank and Trust Company,229913,15132,N/A,10020,
Quail Creek Bank,"Quail Creek Bank, National Association",507152,15137,quailcreek.bank,73120,
"Bessemer Trust Company, National Association",,976703,15153,http://www.bessemertrust.com,10020,
First Peoples Bank of Tennessee,First Peoples Bank of Jefferson County,421539,15156,http://www.firstpeoplesbank.net,37760,
TruPoint Bank,Miner's and Merchant's Bank and Trust Company,274829,15162,www.trupointbank.com,24614,
Bank Star,American Security Bank of Pacific,1006559,15176,www.bank-star.com,63069,
PriorityOne Bank,PriorityOne  Bank,956938,15181,www.priorityonebank.com,39111,
Kirkwood Bank & Trust Co.,Dakota Bank and Trust Co. of Bismarck,908450,15197,www.kirkwoodbank.com,58503,
Tri Counties Bank,,100562,15207,www.tcbk.com,95973,
Stryv Bank,Chisholm Trail State Bank,372855,15219,www.stryvbank.com,67219,
Montecito Bank & Trust,The Bank of Montecito,514066,15220,www.montecito.bank,93101,
Frontier State Bank,Southeast Plaza Bank,632858,15237,www.frontier-ok.com,73129,
Community State Bank of Rock Falls,,875048,15247,www.commstbk.com,61071,
Covington County Bank,,697035,15257,www.covcobank.com,39428,
Andrew Johnson Bank,City & County Bank of Greene County,361439,15272,www.andrewjohnsonbank.com,37743,
INSOUTH Bank,Brownsville Bank,329550,15277,www.insouth.com,38012,
First National Bank USA,First National Bank of St. Charles Parish,714839,15298,www.fnbusa.com,70039,
Bank of The Rockies,The First National Bank of White Sulphur Springs,475756,1462,www.botr.bank,59601,
Grand Bank,Grand Lake Bank,76854,15317,www.grandbank.com,74114,
First Northern Bank of Wyoming,The First National Bank of Buffalo,868956,1464,fnbofwyo.com,82834,
Main Bank,"Interamerica Bank, National Association",430054,15336,http://www.main.bank,87110,
Coffee County Bank,,211338,15340,www.coffeecountybank.com,37355,
First National Community Bank,The First National Bank of Chatsworth,450632,15342,www.FNCBank.com,30705,
Cache Valley Bank,North Park Bank of Commerce,995076,15375,cachevalleybank.com,84321,
Rabun County Bank,,514936,15378,www.rabuncountybank.com,30525,
Progressive Bank,Progressive State Bank & Trust Company,1007154,15379,www.progressivebank.com,71201,
United Bankers' Bank,Independent State Bank of Minnesota,930358,15411,www.ubb.bank,55431,
Barwick Banking Company,,1007734,15427,www.barwickbank.com,31720,
Commonwealth National Bank,,578237,15447,www.ecommonwealthbank.com,36617,
"Bank of Bridger, National Association",The First National Bank of Lovell,17950,1475,www.bankofbridger.com,59014,
Union Bank and Trust Company,Union State Bank of Minneapolis,689759,15457,WWW.UBTMN.COM,55414,
Colony Bank,Colony Bank of Fitzgerald,491934,15471,colony.bank,31750,
American State Bank of Grygla,,21359,15476,http://www.asbgrygla.com,56727,
First National Bank,First National Bank of Hamilton,330239,15483,www.fnbhamilton.com,35570,
Guaranty Bank Inc.,Bank of Mingo,706236,15485,www.Guarantybank.us,25661,
RNB STATE BANK,The Rawlins National Bank,548052,1479,https://www.rnbonline.com,82301,
First Nations Bank,First Nations Bank of Wheaton,277240,15493,https://www.firstnations.bank,60631,
RSNB Bank,The Rock Springs National Bank,550952,1480,WWW.RSNB.COM,82901,
West Michigan Community Bank,Bank of Hudsonville,715340,15517,www.wmcb.bank,49426,
Legacy Bank & Trust Company,Bank of Plato,397755,15528,www.legacybankandtrust.com,65711,
Pinnacle Bank - Wyoming,The Citizens National Bank & Trust Company,561659,1483,www.wypinnbank.com,82414,
One Community Bank,Community National Bank,247140,15543,http://www.onecommunity.bank,53575,
Panhandle First Bank,Bank of the Panhandle,192857,15549,www.mypfb.bank,73942,
Commercial Bank,Commercial Bank of Claiborne County,497039,15561,www.cbtn.com,37752,
"Pinnacle Bank, Inc.",First Community Bank,417710,15562,www.pinnaclebank.co,41501,
The Citizens Bank,,571135,15565,,36744,
GBC International Bank,Guaranty Bank of California,972769,15573,http://www.gbcib.com,90071,
American National Bank & Trust,American National Bank,498362,15580,www.amnat.com,76308,
Anahuac National Bank,,424352,15587,WWW.ANBANK.NET,77514,
Peoples Community Bank,State Bank of Greenville,784159,15595,PEOPLESCOMMUNITYBANK.COM,63944,
Central National Bank,Central National Bank of Woodway-Hewitt,428060,15597,www.cnbwaco.com,76712,
"Modern Bank, National Association",Union Chelsea National Bank,2398701,15599,www.modernbank.com,10022,
First American Bank,The First National Bank of Artesia,771458,1490,www.firstamericanbanknm.com,88210,
CNB Bank,The Carlsbad National Bank,219651,1491,http://www.ourcnb.bank,88220,
Washita State Bank,,1856,15629,www.washitastatebank.com,73624,
"BankChampaign, National Association",Market Place National Bank,436739,15633,http://www.bankchampaign.com,61820,
The James Polk Stone Community Bank,The Portales National Bank,785857,1493,www.jpstone.com,88130,
Wray State Bank,,541754,15645,http://www.wraystatebank.com,80758,
First State Bank,,522454,15646,http://www.fsbtahlequah.com,74464,
Volunteer Bank,Volunteer State Bank,774132,15648,www.volunteer.bank,37203,
Monterey County Bank,,297761,15655,http://montereycountybank.com,93940,
Bank of the Southwest,Western Bank,499752,1494,www.bankofsw.com,88201,
Western Bank,The First National Bank of Lordsburg,723653,1496,www.bootheelbank.com,88045,
First Citizens Bank of Butte,,666358,15691,www.fcbob.com,59701,
Utah Independent Bank,,256179,15702,www.uib.bank,84654,
Spring Hill State Bank,,457060,15711,https://www.springhillbank.com,75604,
First Secure Bank and Trust Co.,1st State Bank and Trust Company of Palos Hills,25647,15718,WWW.FIRSTSECUREBANK.COM,60465,
Peoples Bank of Alabama,Peoples Bank of North Alabama,60330,15719,www.peoplesbankal.com,35055,
First Progressive Bank,,177135,15726,,36426,
Bravera Bank,Bismarck State Bank,971959,15735,www.bravera.bank,58601,
Community State Bank,Community State Bank of Shelbina,367150,15742,www.commbankonline.com,63468,
Brighton Bank,,406974,15750,www.brightonbank.com,84121,
Bank of the Sierra,,662369,15760,www.bankofthesierra.com,93257,
Flora Bank & Trust,,777441,15761,www.fbandtbank.com,62839,
Guthrie County State Bank,,969844,179,www.gcsbank.com,50216,
Valley Bank of Commerce,,481159,15763,valleybankofcommerce.com,88201,
Citizens Bank,,97457,15764,WWW.CITIZENSBANK.WS,64730,
Community Bank of Marshall,COMMUNITY BANK OF MARSHALL,706656,15792,www.ourcommunity.bank,65340,
Bank of Commerce,Wyoming Bank of Rawlins,547550,15795,WWW.BOCRAWLINS.COM,82301,
Green Dot Bank DBA Bonneville Bank,Bonneville Bank,243375,15808,www.bonnevillebank.com,84604,
Citizens State Bank,,804860,15811,https://www.csbroma.com,78584,
Nevada Bank and Trust Company,,400767,15821,www.nevadabankandtrust.com,89008,
"Zions Bancorporation, N.A.",Zions First National Bank,276579,1506,www.zionsbancorporation.com,84133,
Citizens Bank and Trust Company of Ardmore,Citizens Bank of Ardmore,255556,15858,www.citizensbt.com,73401,
The First National Bank of Ely,,450669,1507,http://www.fnbely.com,89301,
First Utah Bank,Cottonwood Security Bank,207872,15875,www.firstutahbank.com,84109,
Bank of St. Francisville,,364430,15876,http://www.bsf.net,70775,
People's Bank and Trust Company of Pickett County,,942539,15890,https://pbt.bank,38549,
American State Bank,,735441,181,www.ambankiowa.com,51250,
Brickyard Bank,,270531,15930,http://www.brickyardbank.net,60712,
The Lauderdale County Bank,,82350,15951,www.lauderdalecountybank.com,38040,
Latimer State Bank,,51356,15955,,74578,
North Valley Bank,The Bank of Corning Company,783910,1510,www.nvboh.bank,43701,
The Genoa Banking Company,,504311,1511,www.genoabank.com,43430,
Oklahoma Heritage Bank,American Bank of Roff,709956,15969,www.okheritage.com,74865,
United Bank,The George Mason Bank,365325,15972,www.bankwithunited.com,22030,
Buckeye State Bank,The Citizens Bank of De Graff,870913,1512,WWW.JOINBSB.COM,43065,
Community Bank of Raymore,,716851,15979,www.cbronline.net,64083,
Hickory Point Bank and Trust,"Hickory Point Bank and Trust, FSB",550635,15985,www.hickorypointbank.com,62523,
Southwest Missouri Bank,,760854,15987,www.smbonline.com,64836,
Farmers and Miners Bank,Farmers and Miners Bank of Lee County,658924,15999,www.farmersandminersbank.com,24277,
Putnam County State Bank,,382658,16004,http://www.putnamcountystatebank.com,63565,
The Farmers Savings Bank,,457220,1514,www.fsb-spencer.com,44275,
The First Bank and Trust Company,First Russell County Bank and Trust Company,223322,16025,www.firstbank.com,24266,
Independence Bank,,956527,16032,,44131,
The American National Bank of Mount Pleasant,,764067,16049,www.ambmp.com,75455,
"Amerant Bank, National Association","Commercebank, National Association",83638,16059,www.amerantbank.com,33134,
"Citizens Bank of Morgantown, Inc.",Citizens Industrial Financing Corporation,897237,16060,www.citizensbankwv.com,26505,
West Texas National Bank,FNB Bank,237066,16062,www.wtnb.com,79705,
First Community Bank,"First Community Bank, National Association",334264,16067,http://www.fcbtx.com,78586,
First Secure State Bank,State Bank,285348,16073,www.thestatebankgroup.com,60097,
Twin River Bank,Twin River National Bank,427960,16094,http://www.twinriver.bank,83501,
Community State Bank,Albert City Savings Bank,849348,183,www.ecommunitybank.org,51301,
The Bank of Magnolia Company,,940021,1520,www.bankofmagnolia.com,44643,
Oregon Pacific Banking Company dba Oregon Pacific Bank,Oregon Pacific Banking Company,160360,16105,www.oregonpacificbank.com,97439,
The First State Bank,,141350,1521,www.fsbboisecity.com,73933,
Community West Bank,Central Valley Community Bank,703767,16124,www.communitywestbank.com,93720,
Bank of the Pacific,The Bank of Grays Harbor,307679,16132,www.bankofthepacific.com,98520,
Washita Valley Bank,The Washita Valley Bank,184759,1526,,73038,
"New OMNI Bank, National Association","OMNI Bank, National Association",300063,16172,WWW.NEWOMNIBANK.COM,91801,
Alpine Bank,Alpine Bank and Trust,260055,16177,www.alpinebank.com,81601,
The Bank of Protection,,531157,16182,www.bankofprotection.com,67127,
Commercial Savings Bank,,194440,184,www.csbcarroll.com,51401,
Bank of Bartlett,,225559,16198,www.bankofbartlett.com,38134,
Huron State Bank,Huron National Bank,753641,16201,http://www.huronstatebank.com,49779,
South Louisiana Bank,"South Louisiana Bank, Houma, Louisiana",616036,16215,www.ayeee.com,70360,
Armstrong Bank,Vian State Bank,470452,1532,www.armstrong.bank,74401,
First Citizens Bank,,541231,16220,www.fcbl.com,36049,
Method Bank,The Bank of Wyandotte,59754,1534,www.method.bank,74370,
Community Bank and Trust Company,Community Bank of Muscatine,1015841,16245,www.commbk.net,52761,
Solon State Bank,,185448,185,www.solonstatebank.com,52333,
Carson Community Bank,Peoples Bank,539452,1537,www.carsoncommunity.bank,74960,
Bankers' Bank of the West,Independent State Bank,732758,16263,www.bbwest.com,80202,
Woodforest National Bank,,412751,16273,www.woodforest.com,77380,
California Pacific Bank,California National Bank,50461,16289,www.calpacificbank.com,94545,
Community State Bank,Community State Bank of Galva,987231,16296,http://www.commstatebank.com,61434,
AVB Bank,The Arkansas Valley State Bank,262059,1542,www.avb.bank,74012,
Local Bank,First State Bank,815754,1543,localbank.com,74441,
Siouxland Bank,Siouxland National Bank,472951,16306,WWW.SIOUXLANDBANK.COM,68776,
Plumas Bank,,670467,16311,http://www.plumasbank.com,95971,
"American Exchange Bank, Lindsay, Oklahoma",,826451,1544,,73052,
Fall River Five Cents Savings Bank,,833404,16319,http://www.bankfive.com,02720,
The Cape Cod Five Cents Savings Bank,,664206,16320,www.capecodfive.com,02601,
Florence Bank,Florence Savings Bank,279105,16326,www.florencebank.com,01062,
Salem Five Cents Savings Bank,,618807,16329,http://www.salemfive.com,01970,
Watertown Savings Bank,,886204,16331,www.watertownsavings.com,02472,
Peoples Bank and Trust Company,,243955,1546,www.peoplesbankusa.com,73565,
United Orient Bank,,70218,16388,,10038,
"First Jackson Bank, Inc.",The North Jackson Bank,248633,16391,www.firstjacksonbank.com,35772,
Pocahontas State Bank,The Pocahontas State Bank,402846,187,www.pocahontasstatebank.net,50574,
Evergreen National Bank,,427858,16405,www.enbcolorado.com,80439,
First National Bank of Burleson,,240954,16423,http://www.firstburleson.com,76028,
"The Bank of New York Mellon Trust Company, National Association",Security Trust Company,398668,16450,www.bny.com,90071,
First Fidelity Bank,"First Fidelity Bank, National Association",106359,16451,FFB.com,73118,
The American National Bank of Texas,American National Bank of Terrell,599764,16452,www.anbtx.com,75160,
"TBK BANK, SSB",Franklin National Bank,766164,16463,www.tbkbank.com,75251,
Security State Bank,,425845,188,mysecuritystate.com,51058,
"Citizens' Bank, Inc.","CITIZENS' BANK, INC.",563336,16476,WWW.CITIZENSBANKAL.COM,36567,
Bankers' Bank,Bankers Bank of Wisconsin,408642,16484,www.bankersbank.com,53717,
Municipal Trust and Savings Bank,,460332,16490,WWW.MUNICIPALBANK.COM,60914,
Community Bank of El Dorado Springs,,766052,16492,www.communitybankeldo.com,64744,
Mauch Chunk Trust Company,,857811,1556,www.mct.bank,18229,
Lamar National Bank,,2161,16529,www.lamarnational.com,75460,
Dedham Institution for Savings,,193809,16535,www.dedhamsavings.com,02026,
Bristol County Savings Bank,,13103,16537,www.bristolcountysavings.com,02780,
"The Washington Trust Company, of Westerly",The Washington Trust Company of Westerly,816603,16538,www.washtrust.com,02891,
Republic Bank & Trust Company,,316840,16541,www.republicbank.com,40202,
TIB National Association,Texas Independent Bank,529958,16552,www.tib.bank,75234,
"Vast Bank, National Association",Valley National Bank,347956,16592,http://www.vast.bank,74120,
Mission National Bank,,519360,16602,www.mnbsf.com,94103,
FMS Bank,Fort Morgan State Bank,257756,16615,www.fmsbank.com,80701,
Commerce Bank,"Commerce Bank, National Association",625159,16617,www.ibc.com,78041,
Bank of Gleason,,141958,1566,www.bankofgleason.com,38229,
McCurtain County National Bank,,423159,16635,www.mcnbonline.com,74728,
Texas First Bank,First Texas Bank-Texas City,473266,16636,texasfirst.bank,77590,
Carroll Bank and Trust,Bank of McLemoresville,541857,1567,www.carrollbank.com,38344,
United Pacific Bank,,609467,16641,www.upbnet.com,91748,
TrailWest Bank,Bitterroot Valley Bank,615954,16642,www.trailwest.bank,59847,
First State Bank of DeKalb County,,504535,16651,www.fsbal.com,35967,
Bank Of Jackson Hole Trust,Bank of Jackson Hole,898458,16653,www.bankofjacksonholetrust.com,83001,
Summit Bank,,351560,16672,www.summitbanking.com,94611,
"American Bank, National Association",American National Bank,307361,16685,www.am.bank,76712,
Security Bank,Security State Bank,497851,1572,www.bankatsecurity.com,38059,
OneUnited Bank,The Boston Bank of Commerce,935308,16717,www.oneunited.com,02110,
MINNESOTA LAKES BANK,Crow River State Bank of Delano,157650,16727,www.MNLB.BANK,55328,
Miners Exchange Bank,,711520,16730,www.mymeb.com,24230,
Country Bank for Savings,,689209,16732,www.countrybank.com,01082,
State Bank of India (California),,779968,16734,www.sbical.com,90017,
The Harbor Bank of Maryland,,533124,16747,HTTPS://WWW.THEHARBORBANK.COM,21201,
Brazos National Bank,Brazoswood National Bank,863362,16754,www.brazosbank.com,77531,
Banc of California,Pacific Western National Bank,494261,16761,www.bancofcal.com,90049,
Atascosa Bank,Atascosa National Bank,851060,16775,www.atascosabank.com,78064,
Citizens National Bank,,700252,16790,http://www.cnbcrockett.com,75835,
Ocean Bank,Ocean Bank of Miami,663834,16824,www.oceanbank.com,33126,
Hanmi Bank,,657365,16829,www.hanmi.com,90010,
Capitol National Bank,,285544,16852,www.capitolnational.com,48933,
"Bank of Whittier, National Association",,209362,16862,http://www.whittierbank.com,90603,
Pavillion Bank,Pavillion National Bank,500658,16905,www.pavillionbank.com,75080,
Llano National Bank,,946555,16907,www.llanonational.bank,78643,
First Credit Bank,Credit Bank,5069,16926,,90069,
Lone Star National Bank,,842460,16940,www.lonestarnationalbank.com,78577,
First Community Bank,First National Bank,339456,16946,www.fcbot.com,78401,
City National Bank,,697950,16960,www.mycnbtx.com,75110,
"Industrial and Commercial Bank of China USA, National Association",Grand National Bank,1015560,16967,www.icbc-us.com,10036,
Clear Mountain Bank,Bruceton Bank,886624,1598,www.clearmountain.bank,26525,
"Clay County Bank, Inc.",Clay County Bank,832528,1599,www.claycounty.bank,25043,
Progressive National Bank,Progressive National Bank of DeSoto Parish,675855,16990,WWW.PROGRESSIVENATIONAL.COM,71052,
American Nation Bank,American National Bank,256058,17009,www.bankanb.com,73401,
"Pioneer Community Bank, Inc.",The Bank of Iaeger,294827,1603,www.pioneercommunitybank.com,24844,
First State Bank,,216164,17025,www.fsbgraham.bank,76450,
Raccoon Valley Bank,Perry State Bank,102342,196,WWW.RACCOONVALLEYBANK.COM,50220,
Interaudi Bank,Bank Audi U.S.A.,538802,17037,www.interaudibank.com,10022,
West Union Bank,,22730,1607,www.westunionbank.com,26456,
Davis Trust Company,,357526,1608,www.davistrust.com,26241,
Bank of New England,Southern New Hampshire Bank and Trust Company,113601,17045,https://www.bankofnewengland.com,03079,
The Bank of Brodhead,,517441,1610,www.bankofbrodhead.com,53520,
Texas Community Bank,"Texas Community Bank, National Association",528960,17065,www.tx-communitybank.com,78041,
"First Commercial Bank, National Association",,400365,17087,www.1cb.com,78155,
Citizens State Bank,,149150,1619,csbankcadott.com,54727,
"Triad Bank, National Association",,283652,17132,Triadbank.com,74133,
Northwestern Bank,Northwestern State Bank,153054,1620,www.northwesternbank.com,54729,
Badger Bank,Citizens State Bank,846945,1621,www.badgerbank.bank,53538,
Bank of Deerfield,,588245,1628,www.bankofdeerfield.bank,53531,
State Savings Bank,,762045,198,http://www.ssb.bank,50265,
Nekoosa Port Edwards State Bank,,791942,1630,www.npesb.bank,54457,
International Finance Bank,Westchester Bank,867632,17214,www.ifbbank.com,33135,
Atlantic Community Bankers Bank,Pennsylvania Independent Bank,959715,17217,http://www.acbb.com,17011,
First New Mexico Bank of Silver City,First State Bank of Silver City,495558,17241,fnmbsc.com,88061,
BNY Mellon Trust of Delaware,The Bank of New York (Delaware),488318,17243,www.bny.com,19809,
Community National Bank,,293053,17260,www.cnbtx.bank,79701,
First National Bank of South Padre Island,,346566,17265,http://www.fnbspi.com,78597,
Uwharrie Bank,Bank of Stanly,590220,17273,http://www.uwharrie.com,28001,
Woori America Bank,Hanvit America Bank,384018,17274,www.wooriamericabank.com,10001,
Grand Valley Bank,Grand Valley National Bank,178851,17276,www.grandvalleybank.com,84032,
The National Iron Bank,The National Iron Bank of Falls Village,1008209,1640,www.ironbank.com,06068,
International Bank of Commerce,"International Bank of Commerce, National Association of Zapata, Texas",382069,17293,www.ibc.com,78076,
Valley Bank of Ronan,,624956,17297,www.valleybankronan.com,59864,
Commerce Bank,"Commerce Bank, National Association",601050,17317,www.commercebank.com,64106,
Summit National Bank,Hulett National Bank,78559,17340,http://www.summitnb.com,82720,
Habib American Bank,,245016,17369,www.hab.bank,10017,
First Security Bank,Valley Bank & Trust,943143,200,www.firstsecuritybanks.com,51034,
City Bank,"City Bank, National Association",575254,17373,www.city.bank,79407,
"Finance Factors, Ltd.",,827560,17407,http://www.financefactors.com,96813,
Community National Bank of Okarche,,371559,17410,http://www.cnbbanker.com,73762,
Meade County Bank,"Meade County Bank, Inc.",776547,17422,www.meadecountybank.com,40108,
"Bank of America California, National Association",Bank of America Community Development Bank,1443266,17425,www.bankofamerica.com,94104,
Pinnacle Bank,Tama State Bank,365745,201,www.bankpinnacle.us,50158,
First National Banker's Bank,"Louisiana Independent Bank, National Association",734538,17453,www.bankers-bank.com,70809,
"C3bank, National Association",First National Bank of Southern California,754068,17455,www.C3bank.com,92024,
"Intercredit Bank, National Association","Banco Pedroso, National Association",44433,17463,www.intercreditbank.com,33134,
TruBank,Community State Bank,862141,17471,WWW.TRUBANK.BANK,50125,
Bank of the Valley,,478195,17494,www.bankofthevalley.com,68624,
Luana Savings Bank,,674849,202,http://www.luanasavingsbank.com,52156,
BOC Bank,Bank of Commerce,352651,17517,http://www.bocbanking.com,79057,
First Whitney Bank and Trust,,740249,203,www.firstwhitneybank.com,50022,
Cedar Security Bank,,550653,17530,https://onlinebanking.cedarsecurity.com/,68736,
"Credit One Bank, National Association",First National Bank of Marin,639567,17541,WWW.CREDITONEBANK.COM,89113,
"Sage Capital Bank,","Sage Capital Bank, National Association",448554,17542,www.sagecapitalbank.com,78629,
"BEACON BUSINESS BANK, NATIONAL ASSOCIATION",Trans-Pacific National Bank,403067,17549,Beaconbusinessbank.com,94104,
Community National Bank,,354552,17566,www.communitynationalbank.net,66538,
International Bank of Commerce,"International Bank of Commerce, National Association",230759,17579,www.ibc.com,78521,
The Bank of the West,The Bank of Thomas,401755,17587,www.botw.bank,73669,
Murphy Bank,Sierra Thrift,855563,17599,www.murphybank.com,93704,
Sovereign Bank,"The First Oklahoma Bank, National Association",396253,17611,WWW.BANKSOVEREIGN.COM,74804,
Small Business Bank,Gardner Bank,663656,17617,www.smallbusinessbank.com,66215,
"Eastbank, National Association","First Eastern Bank, National Association",98717,17622,www.eastbank-na.com,10013,
Community Bank,Community National Bank,250850,17623,www.bankalva.com,73717,
Community Bank,Community National Bank,572655,17625,WWW.CBANKTEXAS.COM,75605,
Peoples Bank & Trust,The Peoples Bank of Buford,109136,32024,www.peoplesbanktrust.com,30518,
Community Bank and Trust - West Georgia,The Bank of Troup County,761833,32025,www.redapplebank.com,30240,
Stock Yards Bank & Trust Company,,317342,207,www.syb.com,40206,
Hatch Bank,Rancho Santa Fe Thrift & Loan Association,733661,32032,www.hatchbank.com,92078,
Midwest Independent BankersBank,Midwest Independent Bank,977250,32084,www.mibanc.com,65101,
Equity Bank,"Equity Bank, A National Association",139656,32095,www.equitybank.com,67002,
Metropolitan Bank,Metropolitan Thrift and Loan Association,534466,32110,https://www.met.bank,94606,
First Eagle  Bank,First National Bank of Roselle,759045,32126,www.febank.com,60607,
Rio Bank,Rio National Bank,956750,32129,www.rio.bank,78501,
First National Bank,Fulda State Bank,944355,32141,www.firstnationalbanks.com,57051,
Valley State Bank,,595337,32301,www.valleystate.com,35653,
The National Grand Bank of Marblehead,,863607,1691,ngbank.com,01945,
Millbury National Bank,,881900,1696,www.mnbonline.com,01527,
Texas National Bank of Jacksonville,,739355,32468,WWW.Txnationalbank.COM,75766,
CHARTER WEST BANK,Charter West National Bank,582953,32472,www.charterwest.com,68788,
The Haverford Trust Company,The Rittenhouse Trust Company,17110,32480,www.haverfordquality.com,19087,
Citizens Bank,"The Citizens Bank of Brodhead, Kentucky",840019,209,www.citizensbankrb.com,40456,
Bank of Commerce,,862057,32548,www.boc-ks.com,66720,
"Golden Bank, National Association",Texas First National Bank,536059,32555,www.goldenbank-na.com,77036,
First National Bank of Dublin,,648550,32565,www.bankingfnb.com,76446,
The First National Bank in Marlow,,17259,32617,WWW.FNBMARLOW.COM,73055,
Home Bank of California,Home Investment and Loan,118660,32632,https://www.hbc.bank,92123,
Pacific National Bank,,577137,32718,www.pnb.com,33131,
"First American Trust, FSB",First American Trust Company,1883321,32751,www.firstamtrust.com,92707,
"Florida Capital Bank, National Association",First National Bank,188430,32826,www.flcb.com,32256,
Genesee Regional Bank,Lyndon Guaranty Bank of New York,852704,32843,www.grbbank.com,14618,
The Village Bank,Auburndale Co-operative Bank,173575,32846,www.village-bank.com,02464,
Flint Hills Bank,Flint Hills Bank of Eskridge,837952,32867,secure.flinthillsbank.com,66423,
"RBC Bank, (Georgia) National Association","Citizens & Peoples Bank, National Association",3783948,32882,www.rbcbank.com,30326,
Unity National Bank of Houston,"Peoples Bank, National Association",853251,32907,www.unitybanktexas.com,77004,
State Bank of Southwest Missouri,,293754,32916,www.state.bank,65804,
Community Commerce Bank,Community Thrift and Loan Association,299868,32928,www.ccombank.com,91711,
Pike National Bank,Pike County National Bank,880332,32981,www.pnb-ms.net,39648,
"Bonvenu Bank, National Association",Citizens National Bank of Bossier City Louisiana,594853,32985,bonvenubank.com,71111,
Deutsche Bank Trust Company Delaware,Bankers Trust (Delaware),304913,33000,http://www.db.com,19713,
The Pittsfield Co-operative Bank,,1000276,33001,www.pittsfield-coop.com,01201,
MutualOne Bank,Framingham Co-operative Bank,154770,33003,www.mutualone.com,01701,
Greenfield Co-operative Bank,,326979,33005,www.greenfieldcoopbank.com,01301,
Haverhill Bank,Haverhill Co-operative Bank,109574,33028,www.haverhillbank.com,01830,
Community State Bank of Canton,,147651,33032,www.csbcanton.com,73724,
"Terrabank, National Association",,238737,33082,www.terrabank.com,33145,
Everett Co-operative Bank,,952172,33085,www.everettbank.com,02149,
Canton Co-operative Bank,,379470,33098,www.cantoncoopbank.com,02021,
Fidelity Co-operative Bank,,933377,33099,www.fidelitybankonline.com,01453,
Savers Co-operative Bank,,1002373,33103,http://www.saversbank.com,01550,
Needham Bank,The Needham Co-operative Bank,339773,33149,www.needhambank.com,02492,
"North Shore Bank, a Co-operative Bank",The George Peabody Co-operative Bank,161273,33151,www.northshore-bank.com,01960,
Walpole Co-operative Bank,,63573,33154,www.walpolecoop.com,02081,
American National Bank of Minnesota,CreditAmerica Savings Company,306159,33168,www.anbmn.com,56425,
Methuen Co-operative Bank,,157379,33214,WWW.METHUENCOOP.COM,01844,
Stoughton Co-operative Bank,,164975,33215,www.stoughtoncoop.bank,02072,
Cape & Coast Bank,Cape Cod Co-operative Bank,119779,33219,www.mycapecodbank.com,02675,
Frost State Bank,,943853,33221,froststatebank.com,56033,
Security Bank of Southwest Missouri,,897853,33222,SBSWMO.COM,65625,
The Bank,The Bank of Oberlin,333650,33224,www.thebankks.com,67749,
Bankhometown,Webster Co-operative Bank,1004470,33225,www.bankhometown.com,01540,
Denali State Bank,,571265,33232,www.denalistatebank.com,99701,
BankGloucester,Gloucester Co-operative Bank,331375,35224,https://bankgloucester.com,01930,
Bank of the Federated States of Micronesia,,718275,35228,,96941,
"Bank of DeSoto, National Association",,638355,35231,www.bankdesoto.com,75115,
First National Bank,,375566,35232,https://www.fnbtx.com,76310,
Bank of Easton,Easton Co-operative Bank,956376,35249,www.bankofeaston.com,02356,
OneLocal Bank,Norwood Co-operative Bank,1013070,35253,https://www.onelocalbank.com/,02062,
"StonehamBank,  A Co-operative Bank",Stoneham Co-operative bank,954279,35258,stonehambank.com,02180,
Delta Bank,The Louisiana Delta Bank,975256,35263,www.deltabk.com,71373,
North Cambridge Co-operative Bank,,931270,35267,WWW.ASKNCCB.COM,02140,
Wrentham Co-operative Bank,,948278,35278,www.wrenthamcoop.com,02093,
Dedicated Community Bank,Darlington County Bank,513322,35292,http://www.dcbsc.com,29532,
Coastal Heritage Bank,Weymouth Co-operative Bank,115575,35296,www.coastalheritagebank.com,02188,
Charles River Bank,Medway Co-operative Bank,947776,35323,www.charlesriverbank.com,02053,
Bank of Hope,California Center Bank,671464,35331,www.bankofhope.com,90010,
Reading Co-operative Bank,,1008674,35344,www.readingcoop.com,01867,
United Texas Bank,Park Central Bank of Dallas,726953,35350,www.unitedtexasbank.com,75240,
Bank of the West,,859552,35351,www.bnkwest.com,76051,
Mechanics Cooperative Bank,Mechanics' Co-operative Bank,183770,35366,www.mechanics.bank,02780,
Firstrust Savings Bank,First Federal Savings and Loan Association of Philadelphia,932978,35379,www.firstrust.com,19428,
Bandera Bank,,78157,35384,www.banderabank.com,78003,
Amistad Bank,Big Lake Bank,30052,35391,www.amistadbank.com,78840,
The Bankers Bank,,859655,35692,www.tbb.bank,73120,
PNB Community Bank,Peoples National Bank of Niceville,483537,35706,pnbcommunity.bank,32578,
Bank of Alma,,564052,35718,www.bankofalma.net,54610,
Kentucky Farmers Bank Corporation,"Kentucky-Farmers Bank of Catlettsburg, Kentucky",683814,214,www.kfb.bank,41129,
"River City Bank, Inc.",,396244,35768,www.rivercitybankky.com,40202,
Balboa Thrift and Loan Association,,696168,35769,http://www.balboathrift.com,91910,
Spectra Bank,Riverbend Bank,426057,35773,www.spectra.bank,76118,
Banco do Brasil Americas,EuroBank,110936,35806,http://www.bbamericas.com,33131,
Bank of South Texas,Hebbronville State Bank,49858,35808,www.bankofsouthtexas.com,78504,
Texas Financial Bank,The Eden State Bank,656658,35853,www.texasfinancial.com,76837,
"Minnesota First Credit and Savings, Incorporated",Minnesota Loan & Thrift Company of Rochester,821559,35871,www.mnfirst.com,55901,
Green Belt Bank & Trust,,803649,35877,www.greenbeltbank.com,50126,
"Hana Bank USA, National Association",Broadway National Bank,609609,35939,www.hanabank.us,07024,
Home Savings Bank,Home Credit Financial,460770,35954,http://www.hsbutah.com,84115,
EvaBank,First Bank of Eva,498531,35955,www.evabank.com,35621,
"Liberty Bank, Inc.",First Thrift and Loan,593771,35996,www.libertybankofutah.com,84111,
The First National Bank of Brooksville,,798512,1730,www.fnbfirst.com,41004,
First National Bank of Pasco,,82033,36055,www.fnbpasco.com/,33525,
The Chesapeake Bank & Trust Co.,,304520,36091,www.chesapeaketrust.com,21620,
Falcon International Bank,Falcon National Bank,564557,36119,www.falconbank.com,78045,
Community Bankers' Bank,Virginia Bankers' Bank,77422,36151,http://cbbonline.com,23113,
Safra National Bank of New York,,918918,36157,www.safra.com,10036,
"SoFi Bank, National Association","Golden Pacific Bank, National Association",962966,36178,www.sofi.com,84121,
Liberty Bank Minnesota,Liberty Savings Bank fsb,1387203,36213,www.libertybankmn.com,56301,
Texas Regional Bank,Falfurrias State Bank,380458,36249,www.trb.bank,78552,
Cumberland Valley National Bank & Trust Company,The First National Bank of East Bernstadt,647218,1737,www.cvnb.com,40741,
The Bank of South Carolina,,246022,36296,www.banksc.com,29401,
The Cooperative Bank,Roslindale Co-operative Bank of Boston,714978,36310,http://www.thecooperativebank.com,02131,
Peoples Bank of Deer Lodge,"Peoples Bank of Deer Lodge, National Association",639857,36341,www.pbdl.net,59722,
American State Bank,,276645,36344,www.americanstatebank.com,50213,
The First National Bank of Grayson,,610913,1740,WWW.FNBGRAYSON.COM,41143,
First Bank of the Lake,First Bank Centre,758851,36371,www.fblake.bank,65065,
Wilson Bank and Trust,,159636,36373,www.wilsonbank.com,37087,
First Southern National Bank,First Southern National,702612,1744,WWW.FSNB.NET,40444,
Young Americans Bank,,67254,36452,www.yacenter.org,80206,
42 North Private Bank,Domestic Bank,541307,36457,www.42northprivate.com,02021,
"Native American Bank, National Association",Native American National Bank,664653,38480,www.nativeamericanbank.com,80203,
Sanger Bank,,336361,38555,http://www.sangerbank.com,76266,
Community National Bank & Trust,Community National Bank,923752,38558,http://www.mybankcnb.com,66720,
"St. Charles Bank & Trust Company, National Association",St. Charles Bank & Trust Company,428547,38571,www.bankstcharles.com,60174,
Sumitomo Mitsui Trust Bank (U.S.A.) Limited,Sumitomo Trust and Banking Co. (U.S.A.),925411,38653,,07030,
State Bank of Texas,,1157415,38679,www.statebnk.com,75039,
The First National Bank of Manchester,,719610,1750,www.fnbmbank.com,40962,
"Traditional Bank, Inc.",Montgomery Bank & Trust Company,786210,1753,www.traditionalbank.com,40353,
Premier Bank of the South,First Commercial Bank of Cullman County,1160509,38810,WWW.PREMIERBANKOFTHESOUTH.COM,35055,
United Security Bank,"United Security Bank, National Association",1162017,38845,http://www.unitedsecuritybank.com,93721,
"Citizens Bank & Trust, Inc.",Citizens Bank & Trust,1163283,38968,www.citizensbanktrenton.com,30752,
"Citizens Bank of Kentucky, Inc.",Citizens National Bank of Paintsville,495419,1760,http://www.wercitizens.bank,41240,
"Community Trust Bank, Inc.",Pikeville National Bank & Trust Company,509811,1762,www.ctbi.com,41501,
Community State Bank,,1176920,39104,www.mycsb.com,73742,
InterBank,Union Bank and Trust Company,1187001,39115,www.interbank.com,73112,
First Community Bank of Tennessee,First Community Bank of Bedford County,1188772,39116,www.firstcommunitybanker.com,37160,
"Independent Correspondent Bankers' Bank, Inc.","The Bankers' Bank of Kentucky, Inc.",1187551,39151,www.icbb.bank,40601,
The Salyersville National Bank,,472018,1765,www.salyersvillebank.com,41465,
Peoples Independent Bank,Peoples Independent Bank of Boaz,1188987,39168,http://www.pibonline.com,35957,
STAR Financial Bank,"Star Financial Bank, Indianapolis, Indiana",547840,39170,www.starfinancial.com,46802,
Enterprise Bank & Trust,Enterprise Bank,1190476,39176,http://www.enterprisebank.com,63105,
Winchester Co-operative Bank,,268976,39178,www.wcbonline.com,01890,
The Citizens National Bank of Somerset,,410917,1767,www.cnbsomerset.com,42501,
Waycross Bank & Trust,,1191352,39342,www.wbt.bank,31501,
Amerasia Bank,,1169650,39368,www.amerasiabankny.com,11355,
Dean Co-operative Bank,,271275,39405,www.deanbank.com,02038,
Synchrony Bank,GE Money Bank,1216022,39510,www.synchronybank.com,84020,
Bank of Buffalo,The First National Bank of Buffalo,825940,1774,www.thebankofbuffalo.com,42716,
FIRST NATIONAL BANK OF KENTUCKY,The First National Bank of Carrollton,907444,1775,www.fnbkentucky.com,41008,
Bankers' Bank of Kansas,"Bankers' Bank of Kansas, National Association",1218446,39625,www.bbok.com,67208,
Prairie State Bank and Trust,Mount Zion State Bank and Trust Company,1222948,39681,www.psbank.net,62711,
"First & Farmers National Bank, Inc.",The First National Bank of Columbia,721949,1777,www.firstandfarmers.com,42501,
First Metro Bank,,1222519,39709,http://www.firstmetro.com,35661,
Port Richmond Savings,Windthorst Warsaw Savings,1225798,39713,www.prsbank.com,19134,
Wells Fargo National Bank West,Wells Fargo Financial National Bank,1225761,39831,www.wellsfargo.com,89102,
First Bank & Trust Co.,,1228034,39837,www.fb247.com,73533,
Peoples Bank,Peoples National Bank,1293078,39866,www.pbparis.com,75460,
The Farmers National Bank of Danville,The Farmer's National Bank of Danville,785147,1779,www.fnbky.com,40422,
Commercial Bank,Commercial Bank of West Port,1225752,39878,www.mycbstl.bank,63146,
Shoreham Bank,"Home Loan and Investment Bank, F.S.B.",724904,39887,www.shoreham.bank,02886,
American Express National  Bank,ILC Corporation,1394676,40088,www.americanexpress.com,84070,
BancFirst,,1386251,40093,www.bancfirst.bank,73102,
Bank of the Lowcountry,Bank of Walterboro,1404481,40225,www.banklowcountry.com,29488,
Comenity Bank,World Financial Network National Bank,1391778,40232,savings.breadfinancial.com,19803,
"Morgantown Bank & Trust Company, Incorporated","Morgantown Deposit Bank, Incorporated",330949,220,https://www.morgantownbank.com,42261,
The Lincoln National Bank of Hodgenville,,553944,1788,http://www.mylnb.com,42748,
The Berkshire Bank,,1396764,40236,http://www.berkbank.com,10016,
Metro Bank,,1394621,40243,http://www.metrobankpc.com,35128,
"Citizens Bank and Trust of Lebanon, Inc.",The Citizens National Bank of Lebanon,641449,1791,cbtoflebanon.com,40033,
The Farmers National Bank of Lebanon,,575348,1792,www.farmersnational.bank,40033,
Burling Bank,,1404883,40337,BURLINGBANK.COM,60604,
North Alabama Bank,,1402384,40342,www.northalabamabank.com,35750,
The Glen Burnie Mutual Savings Bank,,508270,40351,,21061,
"Lake Forest Bank & Trust Company, National Association",Lake Forest Bank and Trust Company,1917301,40421,www.lakeforestbank.com,60045,
"FNB Bank, Inc.",The First National Bank of Mayfield,400141,1796,http://www.growwithfnb.com,42066,
Piedmont Federal Savings Bank,Piedmont Federal Savings and Loan Association,864471,40453,www.piedmontfederal.com,27103,
First Federal Bank of Ohio,First Federal Savings and Loan Association of Galion,207470,40477,www.firstfederalbankofohio.bank,44833,
Farmers Bank and Trust Company,"Farmers Bank and Trust Company, Princeton, Kentucky",46941,1801,www.yournxtbank.com,42445,
Home Federal Bank,Home Federal Savings and Loan Association,804374,40488,www.hfb.bank,71105,
"Sterling Federal Bank, F.S.B.",Sterling Federal Savings and Loan Association,867070,40498,www.sterlingfederal.com,61081,
The First National Bank of Russell Springs,,173641,1803,www.fnbrs.com,42642,
HomeTrust Bank,"HomeTrust Bank, National Association",212577,40511,www.htb.com,28801,
"First Federal Community Bank, SSB",First Federal Community Bank,898579,40512,www.ffcbank.com,75460,
North Shore Trust and Savings,North Shore Savings and Loan Association,775773,40517,www.northshoretrust.com,60085,
Slovenian Savings and Loan Association of Canonsburg,,213471,40520,www.sloveniansavingsandloan.com,15363,
Fifth District Savings Bank,Fifth District Savings and Loan Association,837970,40531,www.fifthdistrict.com,70114,
Altoona First Savings Bank,Altoona Federal Savings and Loan Association,777870,40545,www.altoonabank.com,16602,
Mutual Savings and Loan Association,Mutual Homestead Association,809070,40550,www.mutualsavings.com,70006,
"Security Bank, s.b.",Security Federal Savings and Loan Association,218878,40557,www.securitybk.com,62701,
Lyons Federal Bank,Lyons Savings and Loan Association,901974,40561,WWW.LYONSFED.COM,67554,
Mutual Savings Bank,Mutual Building and Loan Association,841472,40576,www.mymsb.bank,46131,
Hibernia Bank,Union Savings and Loan Association,872579,40586,www.hibernia.bank,70130,
West View Savings Bank,West View Savings and Loan Association,842376,40594,www.wvsbank.com,15237,
InFirst Bank,Indiana First Savings Bank,904171,40597,www.infirstbank.bank,15701,
Union Federal Savings and Loan Association,,656779,40601,www.myunionfederal.com,61443,
MidSouth Bank,The First National Bank of Ashford,929932,1811,www.bankmidsouth.com,36301,
Gate City Bank,Gate City Federal Savings Bank,657271,40608,www.gatecity.bank,58102,
The First National Bank and Trust,The First National Bank of Atmore,670430,1813,www.fnbandt.com,36502,
Fairfield Federal Savings and Loan Association of Lancaster,Fairfield Federal Savings and Loan Association,666974,40640,www.fairfieldfederal.com,43130,
Independent Bank,Mutual Savings and Loan Association,636771,40645,www.independentbank.com,49525,
Salem Co-operative Bank,,670878,40658,www.salemcoop.com,03079,
First Bank of Boaz,The National Bank of Boaz,533535,1816,http://firstbankofboaz.com,35957,
Citizens Federal Savings and Loan Association,,673477,40675,www.citizens-federal.com,41011,
The Pioneer Savings Bank,Pioneer Savings and Loan Company,643274,40681,www.psb1922.com,44102,
Community Neighbor Bank,The Camden National Bank,466932,1818,www.cnbal.net,36726,
Pioneer Bank,Pioneer Savings Bank,606176,40706,www.pioneer.bank,88201,
Huntington Federal Savings Bank,Huntington Federal Savings and Loan Association,609476,40718,www.huntingtonfederal.com,25701,
"Black Mountain Savings Bank, SSB",Black Mountain Savings and Loan Association,444677,40731,,28711,
"Home Savings and Loan Association of Carroll County, F.A.","Home Savings and Loan Association, F.A.",612878,40732,www.norbornehsl.com,64668,
"Central Savings, f.s.b.",Central Federal Savings and Loan Association of Chicago,615879,40744,,60657,
Dozier Bank,The First National Bank of Dozier,496434,1824,www.dozierbank.com,36028,
Brentwood Bank,Brentwood Savings Bank,534877,40777,www.brentwoodbank.com,15102,
Greenville Federal,Greenville Federal Savings and Loan Association,567679,40799,www.greenvillefederal.com,45331,
Community Savings,The Caldwell Building and Loan Company,476472,40803,www.mycommunitysavings.com,43724,
Capitol Federal Savings Bank,Capitol Federal Savings and Loan Association,968070,40815,www.capfed.com,66603,
OSB Community Bank,Ottawa Savings Bank,725077,40823,www.myosb.bank,61350,
Guardian Savings Bank,"Guardian Savings Bank, A Federal Savings Bank",727174,40832,www.guardiansavingsbank.com,45069,
"Belmont Savings Bank, SSB",Belmont Federal Savings and Loan Association,919773,40869,www.belmontsavingsbank.com,28012,
The First National Bank of Hartford,,112332,1830,www.fnbhartford.com,36344,
HNB First Bank,The Headland National Bank,117038,1831,www.hnbfirst.com,36345,
Citizens Federal Savings and Loan Association,,647777,40894,WWW.CITIZENSFEDERALSL.COM,43311,
The Covington Savings and Loan Association,Covington Building and Loan Association,835079,40897,www.covingtonsavingsandloan.com,45318,
The Harrison Building and Loan Association,Harrison Building and Loan Association,653778,40914,www.bankhbl.com,45030,
WaFd Bank,"Washington Federal Bank, National Association",656377,40922,www.wafdbank.com,98101,
"Home Bank, National Association",Home Bank,929978,40928,www.home24bank.com,70508,
Hyden Citizens Bank,,211114,226,http://www.hydencitizensbank.com,41749,
Collinsville Building and Loan Association,,658474,40937,www.collinsvillebuildingandloan.com,62234,
"First Robinson Savings Bank, National Association","First Robinson Savings and Loan, F.A.",660271,40939,www.frsb.net,62454,
Yakima Federal Savings and Loan Association,,809771,40950,yakimafed.com,98901,
Profile Bank,"Profile Bank, FSB",672573,40989,www.profilebank.com,03867,
The Cincinnatus Savings & Loan Co.,Cincinnatus Savings and Loan Company,815772,40991,www.cincinnatussl.com,45211,
Northwest Bank,Northwest Savings Bank,1002878,41012,WWW.NORTHWEST.COM,16365,
MCS Bank,Mifflin County Savings Bank,757779,41020,WWW.MCS.BANK,17063,
San Luis Valley Federal Bank,San Luis Valley Federal Savings and Loan Association of Alamosa,945071,41042,www.slvfed.bank,81101,
"Winter Hill Bank, FSB",Winter Hill Federal Savings Bank,822275,41047,www.winterhillbank.com,02145,
Warsaw Federal Savings and Loan Association,,875879,41051,www.warsawfederal.bank,45205,
Haddon Savings Bank,Haddon Savings and Loan Association,1008076,41056,haddonsavings.com,08035,
Home Savings Bank,Home Savings Association,765877,41080,www.homesavingschanute.com,66720,
"CFBank, National Association",CFBank,767974,41097,www.cf.bank,43081,
Connect Community Bank,Raymond Federal Bank,768476,41100,www.mycc.bank,98577,
Ozarks Federal Savings and Loan Association,,1016174,41111,www.ofsl.bank,63640,
Friend Bank,The Slocomb National Bank,244037,1849,www.friendbank.net,36375,
"Auburn Savings Bank, FSB",Auburn Savings and Loan Association,229173,41122,www.auburnsavings.com,04210,
First Southern State Bank,The First National Bank of Stevenson,246134,1850,www.fssbank.com,35772,
Mutual Federal Bank,Mutual Federal Savings and Loan Association of Chicago,235174,41136,www.mutualfederalbank.com,60608,
"Riverside Savings Bank, SSB","Roanoke Rapids Savings Bank, SSB",247476,41148,www.riversidesavings.com,27870,
"RG Bank, A Savings and Loan Association",Rio Grande Savings and Loan Association,256076,41149,www.rgbank.bank,81144,
FIDELITY BANK,Fidelity Homestead Association,255574,41150,www.bankwithfidelity.com,70130,
First Bank of Alabama,The First National Bank of Talladega,257233,1853,www.fbal.bank,35160,
Southern Bank,Southern Missouri Savings and Loan Association,272272,41166,www.bankwithsouthern.com,63901,
Belmont Savings Bank,Belmont Federal Savings and Loan Association,72678,41182,www.bsb.bank,43906,
Home Federal Savings and Loan Association of Niles,,71073,41183,http://www.HomeFedNiles.com,44446,
"OceanFirst Bank, National Association",Ocean Federal Savings and Loan Association,85472,41193,www.oceanfirst.com,08753,
Century Bank,Century Federal Savings and Loan Association,83375,41196,https://www.mycenturybank.com/,87501,
"Middlesex Federal Savings, F.A.",Middlesex Federal Savings and Loan Association,87579,41202,www.middlesexfederal.com,02144,
"Rockland Savings Bank, FSB",Rockland Savings and Loan Association,95677,41203,www.rocklandsavingsbank.com,04841,
AmeriFirst Bank,Amerifirst Bank,139133,1859,www.amerifirstbank.com,36116,
Adirondack Bank,Saranac Lake Federal Savings and Loan Association,101671,41214,www.adirondackbank.com,13501,
Edward Jones Trust Company,"Boone National Savings and Loan Association, F.A.",3529315,41224,www.edwardjones.com,63131,
First Palmetto Bank,"First Palmetto Savings Bank, F.S.B.",586072,41230,www.firstpalmetto.com,29020,
Auburn Banking Company,,811541,228,www.auburnbankingcompany.com,42206,
Westbury Bank,West Bend Savings Bank,524971,41234,westburybankwi.com,53188,
Eureka Savings Bank,Eureka Savings and Loan Association of La Salle,587677,41235,http://www.eurekasavings.com,61301,
First Fed Bank,First Federal Savings and Loan Association of Port Angeles,403179,41239,www.ourfirstfed.com,98362,
Central Federal Savings and Loan Association,,467470,41259,www.centralfederalsavings.com,60804,
First Federal Savings Bank of Champaign Urbana,First Federal Savings and Loan Association of Champaign,346771,41279,www.356bank.com,61820,
Timberland Bank,"Timberland Savings Bank, a mutual savings bank",294779,41287,http://www.timberlandbank.com,98550,
Liberty Bank,Liberty Federal Savings Bank,534073,41297,www.libbk.com,45638,
"Roxboro Savings Bank, SSB",Roxboro Savings and Loan Association,472979,41305,WWW.ROXBOROSAVINGS.COM,27573,
Farmers and Mechanics Federal Savings Bank,Farmers and Mechanics Federal Savings and Loan Association,412872,41312,http://www.farmersandmechanicsfederal.com,47424,
Columbia Savings and Loan Association,,596277,41314,www.columbiasla.com,53205,
Banner Bank,First Federal Savings and Loan Association,352772,41323,www.bannerbank.com,99362,
Farmers Bank,The Farmers National Bank of Buhl,307062,1863,www.farmersbankidaho.com,83316,
Argentine Federal Savings,Argentine Savings and Loan Association,120476,41341,www.argentinefed.com,66106,
"WaterStone Bank, SSB",Wauwatosa Savings Bank,310978,41347,www.wsbonline.com,53226,
"TrustTexas Bank, SSB","Cuero State Bank, S.S.B.",539872,41349,www.trusttexas.bank,77954,
Forward Bank,Marshfield Savings Bank,313577,41364,www.forward.bank,54449,
First Bank Richmond,"First Bank Richmond, S.B.",419675,41367,www.firstbankrichmond.com,47374,
Custer Federal State Bank,Custer Federal Savings and Loan Association,481579,41377,www.custerfederal.com,68822,
Valley Central Bank,Valley Central Savings Bank,320070,41389,www.valleycentral.org,45011,
"Maple City Savings Bank, FSB",Maple City Savings and Loan Association,548472,41419,www.maplecitysavings.com,14843,
Sturgis Bank & Trust Company,Sturgis Savings and Loan Association,366078,41427,www.sturgis.bank,49091,
Olympia Federal Savings and Loan Association,,550279,41433,www.olyfed.com,98501,
"The Equitable Bank, S.S.B.",Equitable Savings and Loan Association,336576,41448,equitablebank.net,53226,
First Federal Savings and Loan Bank,First Federal Savings and Loan Association,198073,41469,www.firstfederalolathe.com,66061,
Milton Savings Bank,Savings and Loan Association,123075,41471,www.miltonsavingsbank.com,17847,
Fairview Savings and Loan Association,,618777,41486,www.fairviewsavings.com,73737,
The Brookville Building and Savings Association,Brookville Building and Savingsa,559179,41497,www.brookvillesavings.com,45309,
Homestead Savings Bank,Homestead Savings and Loan Association,132778,41501,hsbank.bank,49224,
Conneaut Savings Bank,Conneaut Savings and Loan Company,203575,41511,http://www.conneautsavings.com,44030,
North Shore Bank,North Shore Savings and Loan Association,376273,41513,www.northshorebank.com,53005,
Community Financial Services Bank,Bank of Benton,698144,231,http://www.yourlifeyourbank.com,42025,
Ambler Savings Bank,Ambler Savings and Loan Association,206174,41535,www.amblersav.com,19002,
Versailles Savings and Loan Company,,402873,41537,www.versaillessavingsbank.com,45380,
First Federal Savings and Loan Association of Greene Co,,624778,41540,www.ffgc.bank,15370,
GSL Savings Bank,"GSL Savings Bank, SLA",564678,41542,www.gslsavingsbank.com,07093,
Northfield Bank,"Northfield Savings Bank, FSB",28013,41544,www.enorthfield.com,10308,
First Federal Savings of Middletown,First Federal Savings and Loan Association of Middletown,565170,41546,www.firstfederalmiddletown.com,10940,
Kentland Federal Savings and Loan Association,Kentland Building and Loan Association,382274,41556,,47951,
Ascendia Bank,Glen Rock Savings Bank,147679,41563,www.ascendiabank.com,07452,
"Golden Belt Bank, FSA",Golden Belt Savings and Loan Association,148171,41569,www.goldenbeltbank.com,67601,
Hoyne Savings Bank,Hoyne Savings and Loan Association,447070,41581,www.hoyne.bank,60630,
Kearny Bank,Kearny Federal Savings Bank,633378,41599,www.kearnybank.com,07032,
First Federal Savings Bank of Angola,First Federal Savings and Loan Association,158376,41603,www.ffsbangola.com,46703,
Somerset Regal Bank,"Somerset Savings Bank, SLA",159971,41612,www.somersetregalbank.com,08805,
Arundel Federal Savings Bank,Arundel Federal Savings and Loan Association,390372,41614,www.arundelfederal.com,21061,
Sturdy Savings Bank,Sturdy Savings and Loan Association,391977,41622,www.sturdyonline.com,08247,
Superior Savings Bank,Superior Savings and Loan Association,575375,41624,www.ss-bank.com,54880,
Sharon Bank,Sharon Savings Bank,164377,41627,www.sharonbank.com,19064,
Farmers & Traders Bank of Campton,,839817,232,www.farmersandtradersbank.com,41301,
Sunnyside Federal Savings and Loan Association of Irvington,,516873,41639,www.sunnysidefederal.com,10533,
"BankFinancial, National Association",Financial Federal Trust and Savings Bank of Olympia Fields,454676,41642,www.bankfinancial.com,60461,
Armor Bank,"Forrest City Bank, FSB",168571,41646,www.armor.bank,72335,
Crest Savings Bank,Crest Savings and Loan Association,172475,41652,www.crestsavings.bank,08260,
Columbia Bank,Columbia Savings and Loan Association,174572,41668,www.columbiabankonline.com,07410,
United Savings Bank,United Savings Association,459372,41670,HTTPS://WWW.UNITEDSAVINGSBANK.COM,19145,
The Brattleboro Savings and Loan Association,"The Brattleboro Savings and Loan Association, F.A.",580874,41671,www.brattbank.com,05301,
Community Savings Bank,Community Savings and Loan Association,520777,41675,www.communitysavingsbank.bank,60641,
First Federal Savings Bank of Twin Falls,First Federal Savings and Loan Association,582971,41679,www.BankFirstFed.com,83301,
First Piedmont Federal Savings and Loan Association of Gaffney,,646172,41693,www.firstpiedmont.com,29341,
Century Savings and Loan Association,,401072,41694,www.centurysavings.com,81082,
MidCountry Bank,First State Federal Savings and Loan Association,3971,41699,www.midcountrybank.com,55439,
Broadstreet Bank S S B,"Mineola Community Bank, S.S.B.",279,41702,www.broadstreet.bank,75773,
Wallkill Valley Federal Savings and Loan Association,,7072,41704,www.wallkill.com,12589,
Security Federal Savings Bank,First Federal Savings and Loan Association of Logansport,32971,41728,www.secfedbank.com,46947,
Bank of Hindman,,763211,233,www.bankofhindman.com,41822,
First Financial Bank,"First Financial Bank, A Federal Savings Bank",48374,41739,www.ffb1.com,71730,
Iron Workers Savings Bank,Iron Workers Savings and Loan Association,45775,41742,www.iwsb.com,19014,
Evergreen Federal Bank,Evergreen Federal Savings and Loan Association,55970,41748,www.evergreenfederal.bank,97526,
First Federal Savings Bank,First Federal Savings and Loan Association of Ottawa,771878,41758,ffsbweb.com,61350,
Security Savings Bank,Security Savings and Loan Association,708379,41759,http://www.securitysavings.com,61462,
Verimore Bank,First Missouri Bank,710176,41764,www.verimore.bank,64628,
"Carthage Savings and Loan, National Association",Carthage Federal Savings and Loan Association,900678,41776,carthagesavings.com,13619,
"Amory First Savings And Loan Bank, Ssb",Amory Federal Savings and Loan Association,715975,41783,www.amoryfederal.com,38821,
Ladysmith Federal Savings and Loan Association,,686570,41817,www.ladysmithfederal.com,54848,
WCF Financial Bank,Webster City Federal Savings Bank,935577,41823,www.wcfbank.com,50595,
First Federal Savings and Loan Association,,693073,41839,,43011,
Liberty Bank for Savings,Liberty Savings,757377,41843,libertybank.com,60647,
Mechanics Bank,The Mechanics Savings Bank,943675,41845,www.mymechanics.com,44902,
Heritage Bank,Heritage Savings Bank,881478,41846,www.heritagebanknw.com,98501,
Bedford Federal Savings Bank,Bedford Federal Savings and Loan Association,946274,41858,www.bedfed.com,47421,
"Hancock County Savings Bank, F.S.B.",Hancock County Federal Savings and Loan Association,888271,41869,www.hcsbank.com,26034,
First Federal Bank of Kansas City,"First Federal Bank, FSB",950178,41881,www.ffbkc.com,64081,
First Federal Savings Bank,First Federal Savings and Loan Association of Evansville,613679,41890,www.firstfedsavings.bank,47715,
Tucumcari Federal Savings and Loan Association,,767572,41893,www.tucfed.com,88401,
"Tarboro Savings Bank, SSB",Tarboro Savings and Loan Association,800479,41895,www.tarborosavingsbank.com,27886,
Del Norte Bank,Del Norte Federal Bank,705378,41900,www.truelocalbank.com,81132,
Southwest Heritage Bank,Alamogordo Federal Savings and Loan Association,955977,41921,www.swhbank.com,85255,
Newport Federal Bank,Newport Federal Savings and Loan Association,894272,41923,www.newportfederalbank.com,37821,
First Federal Savings and Loan Association,,623874,41924,www.firstfedohio.com,43055,
Investors Community Bank,Investors Federal Bank and Savings Association,809379,41927,www.my-investors.com,64601,
Jackson County Bank,,1016718,235,www.jacksoncobank.com,40447,
"PyraMax Bank, FSB","South Milwaukee Savings Bank, S.A.",713476,41954,https://www.pyramaxbank.com,53220,
Union Savings Bank,Union Loan and Savings Association,817477,41955,www.unionsavingsbank.com,61032,
First Federal Savings and Loan Association of Van Wert,First Federal Savings and Loan Association,820879,41969,www.1stfedvw.com,45891,
American Federal Bank,American Federal Savings Bank,637170,41974,www.americanfederalbank.com,58102,
Arlo Bank,Systematic Savings Bank,717670,41977,www.arlo.bank,65806,
NorthEast Community Bank,Fourth Federal Savings Bank,823478,41981,https://www.necommunitybank.com,10601,
First Federal Savings and Loan Association of Valdosta,First Federal Savings and Loan Association,828174,41998,www.1stfederalvaldosta.com,31601,
United Roosevelt Savings Bank,United Roosevelt Savings and Loan Association,644776,42004,ursb.bank,07008,
New Carlisle Federal Savings Bank,New Carlisle Federal Savings and Loan Association,646873,42007,www.ncfsb.com,45344,
BankTennessee,First Federal Savings and Loan Association,831576,42011,www.banktennessee.com,38017,
Lawrenceburg Federal Bank,"Lawrenceburg Federal Savings Bank, FSB",834175,42020,lawrenceburgfederal.com,38464,
Fox Valley Savings Bank,Fox Valley Savings and Loan Association,835770,42022,www.fvsbank.com,54935,
The Monticello Banking Company,,266945,236,mbcbank.com,42633,
"Graham Savings and Loan, SSB",Graham Savings and Loan Association,839974,42040,www.grahamsl.com,76450,
"Dalhart Federal Savings & Loan Association, SSB",Dalhart Federal Savings and Loan Association,971070,42042,www.dalhartfederal.com,79022,
NexBank,"Heritage Savings Bank, SSB",652874,42043,www.nexbank.com,75201,
Washington Savings Bank,The Washington Savings and Loan Association,790271,42061,www.washingtonsavings.net,62401,
County Savings Bank,County Savings Association,658072,42065,www.countysavingsbank.com,19029,
Woodruff Federal Savings and Loan Association,,661474,42072,www.woodrufffederal.com,29388,
Henderson Federal Savings Bank,Henderson Savings and Loan Association,849076,42075,www.hendersonfederal.com,75652,
Eureka Homestead,Eureka Homestead Society,794475,42102,www.eurekahomestead.com,70005,
"Cumberland Federal Bank, FSB",Cumberland Federal Savings and Loan Association,28675,42127,www.cumberlandfederal.com,54829,
Prevail Bank,Time Federal Savings Bank,27070,42128,www.prevail.bank,54451,
TC FEDERAL BANK,Thomas County Federal Savings and Loan Association,67870,42165,www.tcfederal.com,31792,
First Southern Bank,First Federal Savings and Loan Association,66275,42166,www.firstsouthern.com,35630,
First Federal Savings and Loan Association,,80374,42179,www.firstfeddelta.bank,43515,
Family Bank,Mitchell County Federal Savings and Loan Association,156970,42191,www.familybank.com,31779,
Sidney Federal Savings and Loan Association,,304575,42213,www.sidneyfederal.com,69162,
Peru Federal Savings Bank,Peru Federal Savings and Loan Association,305077,42218,www.perufederalsavings.com,61354,
GN Bank,Illinois-Service Federal Savings and Loan Association,250476,42233,www.gnbank.net,60653,
"Worthington Federal Savings Bank, FSB",Worthington Federal Savings and Loan Association,258874,42260,www.worthingtonfederalsavings.com,56187,
Compass Savings Bank,Compass Federal Savings Bank,373272,42264,www.compassbank.us,15148,
North Side Federal Savings and Loan Association of Chicago,,375379,42283,www.northsidefederal.com,60640,
State Bank Northwest,The State National Bank of Garfield,479071,1878,http://www.StateBankNorthwest.com,99216,
Armstrong County Building and Loan Association,,269571,42305,www.acbla.com,16226,
Home Federal Savings and Loan Association of Grand Island,Home Federal Savings and Loan Association,317379,42310,www.homefederalne.bank,68801,
Kingstree Federal Savings and Loan Association,,440978,42320,www.kingstreefederal.com,29556,
First Federal Savings and Loan Association of Lakewood,First Federal Savings and Loan Association,318974,42322,www.ffl.bank,44107,
First Federal Savings & Loan Association of Ravenswood,First FS & LA of Ravenswood,441470,42324,,26164,
GreenWay Bank,Van Wert Federal Savings and Loan Association,380878,42329,www.greenwaybank.com,45891,
"Seneca Savings Bank, National Association",Seneca Savings,276074,42330,senecasavings.com,13027,
"Affinity Bank, National Association",Newton Federal Savings and Loan Association,321273,42344,www.newtonfederal.com,30014,
Pioneer Federal Savings and Loan Association,,445674,42351,www.pioneerfed.com,59722,
Washington Financial Bank,Washington Federal Savings Bank,282075,42354,www.washfin.bank,15301,
Fidelity Federal Savings and Loan Association of Delaware,Fidelity Federal Savings and Loan Association,446176,42355,www.fidfedsl.com,43015,
Peoples Bank,Peoples Bank SB,568470,42357,http://www.ibankpeoples.com,46321,
DeWitt Savings Bank,De Witt Savings Bank,324975,42369,www.dewittsavingsbank.com,61727,
First Federal Bank & Trust,First Federal Savings Bank,387671,42371,www.efirstfederal.com,82801,
Great Southern Bank,Great Southern Savings Bank,572374,42380,www.greatsouthernbank.com,65737,
Pinnacle Bank,"First Federal of Alabama, FSB",288376,42382,www.pinnaclebanc.com,35501,
"United Fidelity Bank, fsb",Evansville Federal Savings and Loan Association,391575,42400,www.unitedfidelity.com,47708,
"The Home Savings and Loan Company of Kenton, Ohio, DBA HSLC",Home Savings and Loan Company,296474,42405,www.hslc.bank,43326,
Heritage Bank of St Tammany,St Tammany Homestead Savings and Loan Association,194570,42411,www.heritagebank.org,70433,
Monroe Federal Savings and Loan Association,,576578,42412,www.monroefederal.com,45371,
Pee Dee Federal Savings Bank,Pee Dee Federal Savings and Loan Association,515979,42416,,29571,
Bank of Edmonson County,,903240,239,www.bankofedmonson.com,42210,
Rosedale Bank,Rosedale Federal Savings and Loan Association,86675,42447,www.rosedale.bank,21236,
"First Mutual Bank, FSB","Doolin Security Savings Bank, FSB",493077,42451,www.firstmutual.bank,45714,
First Federal Savings and Loan Association of McMinnville,First Federal Savings and Loan Association,90579,42458,www.firstfedweb.com,97128,
Second Federal Savings and Loan Association of Philadelphia,,460275,42461,www.secondfed.com,19103,
Windsor Federal Bank,Windsor Federal Savings and Loan Association,92676,42466,www.windsorfederal.com,06095,
First Federal Savings and Loan Association of Bath,First Federal Savings and Loan Association,583071,42470,www.firstfederalbath.com,04530,
Big Horn Federal Savings Bank,Big Horn Federal Savings and Loan Association,521970,42471,www.bighornfederal.com,82426,
"First Federal Savings and Loan Association of Central Illinois, S.B.",First Federal Savings and Loan Association of Central Illinois,399973,42479,www.1stfedci.com,62565,
"Great Midwest Bank, S.S.B.",Great Midwest Savings and Loan Association,524579,42491,www.greatmidwestbank.com,53005,
CFSBANK,Charleroi Federal Savings Bank,100777,42506,www.cfsbank.com,15022,
Iroquois Federal Savings and Loan Association,,403870,42509,www.iroquoisfed.com,60970,
"Paper City Savings Bank, S.A.",Paper City Savings Association,102874,42510,www.pcs.bank,54494,
Nashville Savings Bank,Nashville Savings and Loan Association,343770,42511,www.nashvillesavingsbk.com,62263,
Anthem Bank & Trust,Iberville Building and Loan Association,527178,42513,www.anthembank.com,70764,
Home Federal Bank of Tennessee,Home Federal Savings Bank of Tennesse,105473,42517,www.homefederalbanktn.com,37902,
Martinsville First Savings Bank,First Federal Savings and Loan Association of Martinsville,104971,42519,www.martinsvillefirst.bank,24112,
First Federal Savings Bank,First Federal Savings and Loan Association of Huntington,107570,42524,www.firstfedindiana.bank,46750,
KeySavings Bank,"KeySavings Bank, S.A.",208972,42525,www.keysavingsbank.com,54494,
Lincoln FSB of Nebraska,Lincoln Federal Savings and Loan Association,529275,42526,www.lincolnfed.com,68520,
THE HOME LOAN SAVINGS BANK,HOME LOAN AND SAVINGS COMPANY,468673,42529,www.homeloansavingsbank.com,43812,
Buffalo Federal Bank,Buffalo Federal Savings Bank,108072,42530,www.buffalofed.bank,82834,
Lewisburg Banking Company,,580847,240,www.lewisburgbank.com,42256,
Century Next Bank,Ruston Building and Loan Association,345877,42534,www.cnext.bank,71270,
First Federal Community Bank of Bucyrus,First Federal Savings and Loan Association of Bucyrus,346379,42539,www.ffcb.com,44820,
"North American Savings Bank, F.S.B.",North American Savings Association,211271,42542,www.nasb.com,64030,
First Federal Savings Bank of Washington,First Federal Savings and Loan Association of Washington,110972,42544,WWW.FIRSTFEDERALWASHINGTON.COM,47501,
The Southern Bank Company,First Federal Savings and Loan Association of Gadsden,117775,42565,www.sobanco.com,35901,
Aroostook County Federal Savings and Loan Association,,351878,42577,www.yourhomebank.com,04736,
First Seacoast Bank,Federal Savings Bank,119872,42578,www.firstseacoastbank.com,03820,
Marathon Bank,Marathon Savings and Loan Association,596978,42579,WWW.MARATHONBANK.COM,54403,
Southern Hills Community Bank,Leesburg Federal Savings Bank,352370,42583,www.southernhillscommunitybank.bank,45135,
"KS Bank, Inc.","Kenly Savings Bank, S.S.B.",416674,42605,www.KSBankinc.com,27577,
Vidalia Federal Savings Bank,Vidalia Federal Savings and Loan Association,126375,42606,WWW.VIDFEDONLINE.COM,30474,
Carrollton Federal Bank,Carrollton Federal Savings and Loan Association,219679,42608,www.carrolltonfederal.com,41008,
First Federal Bank,First Federal Savings Bank,220974,42616,www.ffbtn.com,37055,
High Country Bank,The Salida Building and Loan Association,479370,42617,www.highcountrybank.net,81201,
"First Federal Community Bank, National Association",First Federal Savings Bank of Dover,540775,42621,www.firstfed.com,44622,
Lisle Savings Bank,Lisle Savings and Loan Association,133971,42634,http://WWW.LSB.BANK,60532,
Catalyst Bank,St Landry Homestead Federal Savings Bank,420578,42638,www.catalystbank.com,70570,
First Savings Bank of Hegewisch,General Pulaski Building and Loan Association,483274,42643,www.fsbhegewisch.com,60633,
Peoples Savings and Loan Company,,605571,42647,www.psalc.com,44820,
Milford Federal Bank,Milford Federal Savings and Loan Association,227777,42669,www.milfordfederal.com,01757,
First Federal Savings and Loan Association of Lorain,First Federal Savings and Loan Association,144678,42672,www.fflorain.bank,44053,
Crossroads Bank,First Federal Savings Bank of Wabash,228279,42673,www.crossroadsbanking.com,46992,
Commonwealth Co-operative Bank,Hyde Park Co-operative Bank,275479,42676,www.commonwealthcoop.com,02136,
Eaton Community Bank,Eaton Federal Savings Bank,980773,42680,www.eaton.bank,48813,
Main Street Bank Corp.,Wayne Savings Community Bank,985479,42681,www.mymainstreetbank.bank,44691,
"The Liberty Savings Association, FSA",Liberty Savings and Loan Association,987576,42691,www.libertysavingsfsa.com,66701,
SSB Community Bank,Strasburg Savings and Loan Company,995674,42692,www.ssbonline.com,44680,
Baker-Boyer National Bank,The Baker-Boyer National Bank of Walla Walla,69678,1891,www.bakerboyer.com,99362,
Dearborn Federal Savings Bank,Dearborn Federal Savings and Loan Association,1005075,42708,www.mydfsb.com,48124,
American Community Bank of Indiana,"American Savings, FSB",1010574,42712,www.acbanker.com,46373,
Home Bank SB,The Home Building Association,1015270,42715,www.homebanksb.com,46151,
Elizabethton Federal Savings Bank,Elizabethton Federal Savings and Loan Association,17978,42738,www.elizfed.com,37643,
Logansport Savings Bank,The Logansport Savings and Loan Association,918879,42741,www.logansportsavings.bank,46947,
Scottsburg Building and Loan Association,,735973,42744,www.sblaonline.com,47170,
Riverview Bank,Riverview Community Bank,921178,42756,www.riverviewbank.com,98660,
Union Savings and Loan Association,,677970,42767,http://www.uslabank.com,47331,
First Federal Savings Bank of Kentucky,First Federal Savings and Loan Association,741974,42771,ffsbky.bank,40601,
Bogota Savings Bank,Bogota Savings and Loan Association,927479,42775,http://www.bogotasavingsbank.com,07666,
"Santander Bank, N.A.",Sovereign Bank,722777,42784,www.santander.com,19801,
First Savings Bank,"First Savings Bank, F.S.B.",785473,42795,www.fsbbank.net,47130,
The Equitable Savings and Loan Company,,910079,42800,www.equitablesavings.com,43907,
The Peoples Savings Bank,Peoples Savings and Loan Company,819172,42809,www.thepeoplessavingsbank.com,43078,
Midland Federal Savings and Loan Association,,820477,42814,midlandfederalsavings.com,60455,
Mutual Savings Association,"Mutual Savings Association, FSA",636276,42822,www.msa.bank,66048,
Phoenixville Federal Bank and Trust,Phoenixville Federal Savings and Loan Association,824671,42829,www.phoenixfed.com,19460,
Third Federal Savings and Loan Association of Cleveland,Third Federal Savings and Loan Association,915878,42846,www.thirdfederal.com,44105,
Huntingdon Savings Bank,Huntingdon Savings and Loan Association,646471,42865,,16652,
Haven Savings Bank,Haven Savings and Loan Association,918477,42873,www.havenbank.com,07030,
Beardstown Savings s.b.,Beardstown Savings and Loan Association,835378,42877,www.beardstownsavings.com,62618,
Blue Foundry Bank,Boiling Springs Savings Bank,797775,42886,bluefoundrybank.com,07070,
First Federal Savings and Loan Association of Greensburg,,921879,42892,www.ffsg.net,47240,
"Peoples Community Bank SB of Monticello, Indiana",Peoples Savings and Loan Association of Monticello Indiana,654579,42899,www.peoplesmonticello.com,47960,
Cornerstone Bank,Page County Federal Savings Association,843476,42901,www.cornerstonebankia.com,51632,
Schuyler Savings Bank,"Schuyler Savings Bank, SLA",657178,42906,www.schuylersavings.com,07032,
"Spencer Savings Bank, SLA",Spencer Savings and Loan Association,845573,42910,www.spencersavings.com,07407,
Mercer Savings Bank,,661072,42918,www.mercersavings.com,45822,
Presence Bank,Coatesville Federal Savings and Loan Association,660570,42919,www.presencebank.com,19320,
Monroe Savings Bank,"Monroe Savings Bank, SLA",927077,42937,www.monroesavings.com,08094,
Oconee Federal Savings and Loan Association,The Seneca Building and Loan Association,853671,42945,www.oconeefederal.com,29678,
Reliance Savings Bank,Reliance Savings Association,743679,42951,www.reliancebank.bank,16601,
PennCrest Bank,C&G Savings Bank,805876,42953,www.PennCrest.BANK,16601,
Investment Savings Bank,Investment Savings and Loan Association,854173,42955,www.investmentsb.bank,16602,
Boonville Federal Savings Bank,Boonville FSB,991078,42962,www.boonville.bank,47601,
Citizens Federal Savings Bank,"Citizens Savings and Loan Association, FSB",864378,42984,www.citizensfsb.bank,66048,
Milford Building and Loan Association,,994770,42986,,60953,
Sewickley Savings Bank,Sewickley Savings and Loan Association,678070,42988,www.sewickleysavingsbank.com,15143,
"Hatboro Federal Savings, FA",Hatboro Federal Savings and Loan Association,995272,42989,www.hatborofed.com,19040,
First Community Bank of Cullman,First Federal Savings and Loan Association of Cullman,812379,43000,www.fcbcullman.com,35055,
Cullman Savings Bank,Cullman Savings and Loan Association,934673,43001,www.cullmansavingsbank.com,35055,
High Plains Bank,The First National Bank of Flagler,247551,1915,www.highplainsbank.com,80815,
Home Savings Bank of Wapakoneta,Home Savings and Loan Association,868572,43010,www.homesavings-wapak.com,45895,
The First National Bank of Fleming,,306056,1916,www.fnbfleming.com,80728,
Opportunity Bank of Montana,American Federal Savings and Loan Association of Helena,685676,43016,www.opportunitybank.com,59601,
Millville Savings Bank,Millville Savings and Loan Association,814476,43017,www.millvillesavings.com,08332,
Rocky Mountain Bank & Trust,The First National Bank of Florence,249658,1917,www.rmbt.com,81226,
Hometown Bank,Home Savings and Loan Association,940674,43053,www.ht.bank,44240,
Chester National Bank,"Chester Savings Bank, FSB",231279,43054,www.chesternationalbank.com,62233,
Cross County Savings Bank,Cross County Federal Savings Bank,1007873,43094,www.crosscounty.com,11379,
Citizens Savings Bank,Citizens Savings and Loan Association of Washington Parish,1014376,43104,https://www.citizenssb.com,70427,
The First National Bank of Hugo,,276551,1926,www.fnbhugo.com,80821,
"First Federal Bank Littlefield, Texas","First Federal Savings and Loan Association of Littlefield, Texas",14977,43125,firstfedlfd.com,79339,
United Cumberland Bank,Bank of McCreary County,425818,242,www.unitedcumberland.com,42653,
Maspeth Federal Savings and Loan Association,,29878,43137,www.maspethfederal.com,11378,
Points West Community Bank,First National Bank,444556,1928,www.pwcbank.com,80550,
East Wisconsin Savings Bank,"East Wisconsin Savings Bank, S.A.",35879,43147,WWW.EASTWIS.BANK,54130,
First Federal Savings Bank of Lincolnton,First Federal Savings and Loan Association,42372,43149,www.ffsb-nc.com,28092,
Abbeville Building & Loan (A State-Chartered Savings Bank),Abbeville Building and Loan Association,114774,43166,www.abbemae.com,70510,
Beauregard Federal Savings Bank,Beauregard FSB,123374,43173,www.beauregardfederal.com,70634,
First National Bank Colorado,The First National Bank of Las Animas,513256,1930,www.firstnationalbankcolorado.com,81054,
The Bank of Bennington,Bennington Co-operative Savings and Loan Association Incorporated,133579,43184,www.thebankofbennington.com,05201,
Streator Home Savings Bank,Streator Home Building and Loan Association,142179,43191,www.streatorhome.com,61364,
First Savings and Loan Association,,141677,43192,www.firstsandl.net,27302,
1st Bank of Sea Isle City,First Savings and Loan Association of Sea Isle City New Jersey,148470,43201,www.1stbankseaisle.com,08243,
FirstBank Puerto Rico,FirstBank of Puerto Rico,510871,43221,www.1firstbank.com,00909,
Gunnison Savings and Loan Association,,388874,43222,www.gunnisonsl.com,81230,
Carver Federal Savings Bank,Carver Federal Savings and Loan Association,268677,43228,http://www.Carverbank.com,10027,
Tecumseh Federal Bank,Tecumseh Building and Loan Association,389376,43229,www.tecfedbank.com,68450,
Geddes Federal Savings and Loan Association,,451273,43231,www.geddesfederal.com,13219,
Clinton Bank,,782548,243,WWW.CLINTONBANKKY.COM,42031,
Penn Community Bank,First Savings Bank of Perkasie,328777,43235,www.penncommunitybank.com,18902,
Franklin Bank,"The Franklin Savings Bank, S.L.A.",574079,43236,www.franklinbnk.com,08098,
First Federal Bank of Wisconsin,First Federal Savings Bank of Wisconsin,331076,43256,www.ffbwi.com,53186,
Century Savings Bank,Bridgeton Building and Loan Association,392778,43262,www.centurysb.com,08360,
Massena Savings and Loan,Massena Savings and Loan Association,454975,43263,www.massenasavingsloan.com,13662,
SSB Bank,Slovak Savings Bank,277277,43265,www.ssbpgh.com,15237,
"Morganton Savings Bank, S.S.B.",Morganton Federal Savings and Loan Association,332671,43268,www.morgantonsavings.com,28655,
First Federal Bank of Louisiana,First Federal Savings and Loan Association,517674,43275,www.ffbla.bank,70601,
Rayne Building and Loan Association,,518176,43281,www.raynebuildingloan.com,70578,
Manasquan Bank,Manasquan Savings Bank,459671,43304,www.manasquanbank.com,08736,
Crossbridge Community Bank,Tomahawk Community Bank S.S.B.,465672,43350,www.Crossbridge.bank,54487,
Lake Shore Bank,Lake Shore Savings Bank,301574,43364,www.mylsbank.com,14048,
Marquette Savings Bank,Marquette Savings Association,304173,43378,www.marquettesavings.com,16501,
Westmoreland Federal Savings and Loan Association,,188177,43385,www.wfsavings.com,15650,
Mayville Savings Bank,Mayville Savings and Loan Association,411576,43419,http://www.mayvillesavings.com,53050,
F&M Bank and Trust Company,Marion County Mutualloan and Buildinga,413673,43429,www.bankfm.com,63401,
Bank of Zachary,,860334,245,www.bankofzachary.com,70791,
"Abbeville First Bank, SSB","Abbeville Savings and Loan, SSB",416272,43453,www.abbevillefirst.com,29620,
First Pioneer National Bank,The First National Bank of Wray,357553,1950,www.fpnb.bank,80758,
Greenville Savings Bank,Greenville Savings and Loan Association,357777,43471,www.greenvillesavings.com,16125,
North County Savings Bank,North County Savings Association,482370,43490,www.ncsbank.com,62278,
First Financial Bank,"First Financial Bank, National Association",470050,1952,www.ffin.com/,79601,
"Clear Fork Bank, National Association",The First National Bank of Albany,340751,1953,www.clearfork.bank,76430,
First Shore Federal Savings and Loan Association,,59370,43514,www.firstshorefederal.com,21801,
Peoples First Savings Bank,The People's Building Loan and Savings Company,363778,43522,www.peoplesfirstohio.com,45040,
"BankPacific, Ltd",Guam Savings and Loan Association,364270,43526,www.bankpacific.com,96910,
Landmark Bank,Clinton Bank & Trust Company,535034,246,landmarkbankla.com,70722,
Magyar Bank,Magyar Savings Bank,548771,43538,www.magbank.com,08901,
Equitable Savings and Loan Association,,206473,43541,www.equitable-savings.com,80751,
Universal Bank,Universal Bank F.S.B.,208570,43556,https://www.universalbank.com,91792,
The First National Bank of Anderson,,362155,1957,http://www.fnbanderson.com,77830,
"Pathward, National Association",MetaBank,435077,43610,http://www.pathward.com,57108,
The First National Bank of Anson,,366359,1959,https://www.fnbanson.com,79501,
Glacier Bank,Glacier Bank F.S.B.,2634191,43622,www.glacierbank.com,59901,
The First National Bank of Aspermont,,138257,1960,http://www.fnbaspermont.com,79502,
First Federal Savings and Loan Association,,90177,43646,www.firstwithus.com,39567,
Community Partners Savings Bank,Marion County Savings and Loan Association,441078,43653,www.communitypartnerssb.com,62881,
The First National Bank of Ballinger,,160454,1967,www.fnbballinger.com,76821,
Bar Harbor Savings and Loan Association,,106676,43712,www.bhsla.com,04609,
"Provident Savings Bank, F.S.B.",Provident Savings Bank,631570,43713,www.myprovident.com,92506,
The Peoples Savings and Loan Company,Peoples Savings and Loan Company,943273,43723,www.peoplessavingsonline.com,43357,
"Fidelity Bank, National Association",Fidelity Savings Association of Kansas,762474,43729,www.fidelitybank.com,67202,
The First National Bank of Bastrop,,18050,1970,www.fnbbastrop.bank,78602,
Mid-Central National Bank,Mid-Central Federal Savings Bank,773171,43777,www.midcentralbank.com,56482,
"El Dorado Savings Bank, F.S.B.",El Dorado Savings Bank,961576,43787,http://www.eldoradosavingsbank.com,95667,
First FSB of Mascoutah,"First Federal Savings Bank of Mascoutah, Illinois",966272,43803,www.firstfederalmascoutah.com,62258,
Gouverneur Savings and Loan Association,,905673,43810,www.gouverneurbank.com,13642,
Cendera Bank,The First National Bank of Bells/Savoy,89957,1976,http://cenderabank.com,75414,
Spratt Savings Bank,Spratt Savings and Loan Association,746979,43821,www.sprattsavingsbank.com,29706,
Cenlar FSB,Centennial Savings and Loan Association,934271,43830,www.cenlar.com,08618,
HomeTown  Bank,Redwood Falls Federal Savings and Loan Association,788773,43862,www.myht.bank,55315,
The State National Bank of Big Spring,,169354,1980,www.statenational.bank,79720,
Interstate Bank,"Interstate Bank, ssb",791072,43877,www.isbtexas.bank,79070,
First Federal Bank,First Federal Savings Bank,943974,43911,www.firstfederalbanknc.com,28334,
"Legend Bank, N.A.",The First National Bank of Bowie,100357,1983,www.legend-bank.com,76230,
Jarrettsville Federal Savings and Loan Association,,613978,43917,www.jarrettsvillefederal.com,21084,
"Pickens Savings and Loan Association, FA",Pickens Savings and Loan Association,884376,43923,www.pickens.bank,29671,
The Brady National Bank,,101952,1984,www.bradynational.bank,76825,
Blue Grass Federal Savings and Loan Association,,617079,43924,bluegrassfederal.bank,40361,
The Commercial National Bank of Brady,,42354,1985,http://cnbbrady.com,76825,
Security Federal Bank,Security Federal Savings Bank of South Carolina,763677,43934,www.securityfederalbank.com,29801,
Cecil Bank,Cecil Federal Savings Bank,813572,43955,http://www.cecilbank.com,21921,
"First Federal Bank, A FSB",First Federal Savings and Loan Association of the Wiregrass,814074,43961,www.1stfed.com,35406,
The Brenham National Bank,The Farmers National Bank in Brenham,227357,1987,www.bnbank.bank,77833,
Security Federal Savings Bank of McMinnville,Security Federal Savings and Loan Association,631178,43980,www.secfed.net,37110,
First Southern Bank,First Federal Bank for Savings,954671,43992,www.fsb-ms.com,39429,
Citizens Savings Bank,Citizens Savings Association,828473,44018,citizens-savings.com,18411,
Ponce Bank,Ponce De Leon Federal Savings and Loan Association,897170,44023,www.poncebank.com,10462,
First Federal Savings and Loan Association,,831875,44031,www.firstfederalhazard.com,41701,
"Greeneville Federal Bank, FSB",Greeneville Federal Savings and Loan Association,645577,44032,www.greenevillefederalbank.com,37743,
First Bank,First National Bank in Burkburnett,239659,1995,www.firstbankweb.com,76354,
LifeStore Bank,Ashe Federal Bank,715872,44051,www.golifestore.com,28694,
First Harrison Bank,"First Federal Bank, a Federal Savings Bank",716374,44057,www.firstharrison.com,47112,
Highland Federal Savings and Loan Association,,652070,44066,www.highlandfederal.com,38555,
Hearthside Bank Corporation,Home Federal Bank Corporation,902672,44070,www.hearthsidebank.com,40965,
"Classic Bank, National Association",First National Bank in Cameron,182951,2000,www.classic.bank,76520,
"Jackson Savings Bank, SSB",Jackson County Savings and Loan Association,360777,44100,www.jacksonsavingsbank.com,28779,
Homewood Federal Savings Bank,Homewood-Clinton Savings and Loan Association Incorporated,359472,44101,www.homewoodfsb.com,21224,
Citizens National Bank,Citizens National Bank of Milam County,59352,2001,www.cnbanktexas.com,76520,
Community Bank,Lexington First Federal Savings Bank,361279,44106,www.community-bank.net,38351,
First Federal Bank,First Federal Bank of Florida,384278,44147,www.ffbf.com,32055,
West Plains Savings and Loan Association,,966973,44163,www.westplainssavingsandloan.com,65775,
The First Bank of Celeste,The First National Bank of Celeste,871956,2005,www.fbceleste.com,75423,
"Hertford Savings Bank, SSB",Hertford Savings and Loan Association,971379,44179,www.hertfordsavingsbank.com,27944,
"Colonial Savings, F.A.",Colonial Savings and Loan Association,339072,44195,www.gocolonial.com,76102,
"Axiom Bank, National Association","Washington Shores Savings Bank, FSB",408875,44224,www.axiombanking.com,32751,
The Mer Rouge State Bank,,741956,252,www.merrougebank.com,71261,
Citizens Bank,The First National Bank of Claude,885252,2010,www.gocitizensbank.com,79110,
First Federal Savings and Loan Association of San Rafael,,229070,44240,www.ffsavings.com,94901,
First Federal Savings and Loan Association,,411174,44243,www.firstfederalmorehead.com,40351,
"1st Federal Savings Bank of SC, Inc.","First Federal of South Carolina, FSB",535575,44244,www.1stfederalofsc.com,29488,
The City National Bank of Colorado City,The City National Bank of Colorado,799854,2014,www.txcnb.bank,79512,
Harleysville Bank,Harleysville Savings Association,139478,44295,www.harleysvillebank.com,19438,
Oriental Bank,Oriental Bank and Trust,245276,44303,http://www.orientalbank.com,00918,
First Fidelity Bank,First Federal Bank,420877,44313,https://www.bankffb.com,35967,
Equitable Bank,"The Equitable Bldg. and Loan Assoc. of Grand Island, Nebraska, A FSB",81175,44319,http://www.equitableonline.com,68801,
Progressive Ozark Bank,"Progressive Ozark Bank, Federal Savings Bank",143372,44322,www.progressiveozarkbank.com,65560,
The First National Bank in Cooper,,767152,2019,www.fnbcooper.com,75432,
First Federal Savings Bank,First Federal Savings and Loan Association of Fulton Co,257578,44350,www.firstfederalbanking.com,46975,
The Wilmington Savings Bank,Wilmington Savings Association,87476,44373,www.wilmingtonsavings.com,45177,
Central Bank,First Federal Savings and Loan Association of Hardin County,265676,44379,http://www.CENTRALBANKTN.COM,38372,
Citizens National Bank of Crosbyton,,901451,2025,www.cnbcrosbyton.com,79322,
Texas Heritage National Bank,The National Bank of Daingerfield,824653,2027,www.thnb.bank,75638,
East West Bank,East-West Bank,197478,44462,https://www.eastwestbank.com,91101,
Volunteer Federal Savings Bank,Volunteer Federal Savings and Loan Association of Madisonville,170275,44528,www.volfed.com,37354,
Farmers and Merchants Bank,Farmers & Merchants Bank,555256,2035,www.fmbank-tx.com,76444,
RiverBank,Corning Savings and Loan Association,29476,44545,eriverbank.com,72455,
"Home Savings Bank, FSB",Home Building Association,33370,44557,www.homesavingsbanknky.com,41016,
Greater State Bank,Greater South Texas Savings Association,518877,44596,greaterstate.bank,78501,
Home Federal Savings and Loan Association,,582878,44608,www.homefedbamberg.com,29003,
Bank of Houston,"Freedom Bank, National Association",583754,2041,https://www.bohbank.com,77027,
The First National Bank of Eagle Lake,,651952,2042,www.fnbeaglelake.bank,77434,
MapleMark Bank,The First National Bank of Edgewood,594451,2044,MapleMarkBank.com,74136,
"Interamerican Bank, A FSB",,221775,44657,www.interamericanbank.com,33165,
NewFirst National Bank,The First National Bank of El Campo,938859,2045,WWW.NEWFIRST.COM,77437,
"Lone Oak Bank, National Association",The First National Bank of Eldorado,665258,2046,www.loneoakbank.com,76936,
Financial Federal Bank,Financial Federal Savings Bank,590976,44674,www.finfedmem.com,38120,
"Grand Bank for Savings, FSB",First Savings and Loan Association of Leakesville,68671,44698,www.grand.bank,39402,
The First National Bank of Evant,,379153,2052,www.fnbevant.com,76525,
CBL State Savings Bank,"Citizens Building and Loan, SSB",851172,44734,www.cblbanklocal.com,29651,
"Cypress Bank, SSB","Cypress Bank, FSB",729178,44739,www.cypressbanktx.com,75686,
First Sentinel Bank,Sentinel Savings Bank,920975,44762,http://www.firstsentinelbank.com,24641,
The Falls City National Bank,,441050,2054,http://www.fcnb.net,78113,
"Fayette Savings Bank, SSB",Fayette Savings Association,675079,44770,www.fayettesavings.com,78945,
TrustCo Bank,Landmark Community Bank,677176,44779,www.trustcobank.com,12302,
First Texas National Bank,The First National Bank of Floydada,393252,2057,www.firsttexasnb.com,79235,
First Western Federal Savings Bank,First Western Federal Savings and Loan Association,715470,44806,www.fwfsb.com,57701,
Slovenian Savings and Loan Association of Franklin-Conemaugh,,568377,44828,sloveniansavings.com,15909,
Madison County Bank,The Madison County Building and Loan Association,385471,44833,www.madisoncountybank.com,68748,
"Angelina Savings Bank, SSB",Angelina Savings and Loan Association,660879,44852,www.angelinabank.com,75901,
United Bank,United Federal Savings Bank,539377,44859,www.united-bk.com,72764,
"Texas Gulf Bank, National Association",The Freeport National Bank,514655,2065,www.texasgulfbank.com,77057,
"VIKING BANK, NATIONAL ASSOCIATION","Viking Savings Association, FA",484776,44916,www.viking.bank,56308,
Grand Savings Bank,Grand Federal Savings Bank,732178,44918,www.grandsavingsbank.com,74344,
The Moody National Bank,The City National Bank of Galveston,253356,2068,www.moodybank.com,77550,
"Shelby Savings Bank, SSB",Shelby County Savings Association,552974,44969,www.shelbysavingsbank.com,75935,
First National Bank of Giddings,The First National Bank of Giddings,324153,2073,www.fnbgiddings.com,78942,
The First National Bank of East Texas,The First National Bank of Gilmer,445955,2074,www.fnbetx.com,75644,
USAA Federal Savings Bank,,619877,45022,www.usaa.com,85085,
"Gilmer National Bank, Gilmer, Texas",The Farmers and Merchants National Bank of Gilmer,323651,2075,www.gnbgilmer.com,75644,
Summit State Bank,"Summit Savings, FSB",561574,45037,http://www.summitstatebank.com,95403,
"Liberty Savings Bank, F.S.B.",,839572,45076,www.libertysavingsbank.com,45177,
"Dollar Bank, Federal Savings Bank","Dollar Bank, FSB",961624,45079,www.dollar.bank,15222,
"Titan Bank, N.A.","First National Bank, Graford",328357,2080,www.titanbank.com,76067,
Abacus Federal Savings Bank,,762773,45091,www.abacusbank.com,10013,
Ciera Bank,First National Bank in Graham,327855,2081,http://www.cierabank.com,76450,
Eastern International Bank,Eastern Savings Bank,206772,45111,https://www.eibankca.com,90012,
The First National Bank of Granbury,,329952,2083,www.fnbgranbury.com,76048,
Malaga Bank F.S.B.,Malaga Savings and Loan Association,773470,45116,www.malagabank.com,90274,
Community Savings Bank,The Bethel Building and Loan Company,847979,45120,www.bankwith-csb.com,45106,
Woodsfield Savings Bank,Woodsfield Savings and Loan Company,97279,45126,www.woodsfieldsavings.com,43793,
Miami Savings Bank,Miami Savings and Loan Company,367178,45127,www.miamisavings.bank,45041,
Union Savings Bank,,911973,45130,www.unionsavings-bank.com,45249,
Grandview Bank,First State Bank,333856,2084,www.grandviewbank.com,76050,
New Foundation Savings Bank,New Foundation Loan and Building Company,918776,45140,www.newfoundationsavingsbank.com,45239,
Galion Building and Loan Bank,Galion Building and Loan Association,24378,45141,www.gblbank.com,44833,
The Granger National Bank,,272151,2085,www.grangernationalbank.com,76530,
"Taylorsville Savings Bank, SSB",Taylorsville Federal Savings and Loan Association,258379,45182,www.taylorsvillesavings.com,28681,
"Eastern Savings Bank, FSB",Eastern Savings Association,643078,45194,www.easternsavingsbank.com,21031,
"Presidential Bank, FSB",Presidential Savings Association,538473,45197,www.presidential.com,20814,
State National Bank,The State National Bank of Groom,460556,2088,www.snb.bank,79039,
Citizens Bank,,514132,260,www.citizensbk.com,39429,
"United Midwest Savings Bank, National Association",Midwest Savings Bank,809276,45275,www.umwsb.com,43318,
Homeland Federal Savings Bank,,251978,45293,www.homelandbank.com,71418,
The First National Bank of Hebbronville,,173959,2096,www.fnbhebb.com,78361,
"VeraBank, National Association",Citizens National Bank,56351,2098,www.verabank.com,75652,
"American Savings Bank, FSB",,54973,45360,www.asbhawaii.com,96817,
BayVanguard Bank,Light Street Federal Savings and Loan Association,242976,45361,www.bayvanguard.com,21219,
South Georgia Bank,South Georgia Federal Savings Bank,995571,45366,www.southgabank.com,30427,
"Flagstar Bank, National Association","First Security Savings Bank, FSB",694904,45375,www.flagstar.com,11801,
The Citizens National Bank of Hillsboro,,184656,2103,www.cnbhillsboro.com,76645,
"LendingClub Bank, National Association",First Trade Union Bank,264772,45385,www.lendingclub.com,84043,
"Horizon Bank, SSB",The First National Bank of Holland,703552,2104,www.horizon.bank,78701,
Monet Bank,"Beal Bank, s.s.b.",1176881,45408,www.bealbank.com,75024,
"NATIONAL COOPERATIVE BANK, N.A.",NCB Savings Association,99376,45446,www.ncb.coop,45133,
First Savings Bank,"First Savings Bank, FSB",67656,45463,firstsavingsbanks.com,57004,
Northwest Bank,Northwest FSB,1387605,45481,www.nw.bank,51301,
The First National Bank of Hughes Springs,,849357,2110,WWW.FNBHS.COM,75656,
First National Bank of Huntsville,,583352,2111,www.fnbhuntsvilletx.bank,77340,
Merchants and Planters Bank,,579636,263,http://www.mpbank.net,39154,
Helm Bank USA,Helm Bank,1414819,45581,www.helmbankusa.com,33131,
The Jacksboro National Bank,,924058,2116,http://www.mybanktexas.com,76458,
"Austin Bank, Texas National Association",The First National Bank of Jacksonville,548351,2117,www.austinbank.com,75766,
Eastern Bank,,128904,45683,www.easternbank.com,02110,
Bank of Marin,,1436204,45689,www.bankofmarin.com,94947,
The Karnes County National Bank of Karnes City,,979759,2118,www.kcnb.com,78118,
First National Bank Texas,First National Bank,613950,2124,www.1stnb.com,76541,
"Kleberg  Bank, N.A.",The First National Bank of Kingsville,556459,2125,WWW.KLEBERGBANK.COM,78363,
National Bank & Trust,The First National Bank of La Grange,792659,2128,www.nbt-texas.com,78945,
Tustin Community Bank,Tustin Thrift and Loan Association,1418255,45821,www.tustin.bank,92780,
Whitaker Bank,"Whitaker Bank, National Association",1445943,45826,www.whitakerbank.com,40509,
The Lamesa National Bank,,623052,2130,www.lamesanb.com,79331,
First Texas Bank,The First National Bank of Lampasas,875758,2131,https://www.firsttexasbank.bank,76550,
WestStar Bank,Bank of the West,1447639,46117,WWW.WESTSTARBANK.COM,79901,
Bank47,Community Bank and Trust - Alabama,1474309,46146,www.bank-47.com,35801,
Gulf Coast Bank and Trust Company,,1458608,46153,www.gulfbank.com,70130,
"Morgan Stanley Bank, National Association",Mountainwest Financial,1456501,46173,,84111,
FCB Banks,First Collinsville Bank,1459717,46186,www.fcbbanks.com,62234,
County Bank,,1459735,46190,http://WWW.COUNTYBANKDEL.COM,19971,
First Liberty Bank,The First Liberty National Bank,629353,2137,flb.bank,77575,
First Peoples Bank,,1459799,46191,www.firstpeoplesbank.com,31822,
Asian Pacific National Bank,Asian Pacific Thrift and Loan Company,1462986,46196,www.asianpacificbank.com,91776,
"Texana Bank, National Association",The First National Bank of Linden,809650,2138,www.texanabank.com,75563,
Surety Bank,The Surety Building and Loan Association,374774,46234,www.mysuretybank.com,32720,
The First National Bank of Lipan,,811457,2139,,76462,
The First National Bank of Livingston,,630658,2141,www.fnblivingston.com,77351,
"Gateway Bank, F.S.B.","Gateway Bank, FSB",1493319,46337,www.gatewayfsb.com,94607,
Colorado Federal Savings Bank,,1718469,46345,www.coloradofederalbank.com,80111,
"Heritage Bank, Inc.",,1469677,46353,www.ourheritage.bank,41005,
Goldman Sachs Bank USA,The Goldman Sachs Trust Company,2182786,46359,www.marcus.com,10282,
First Farmers & Merchants National Bank,,1470150,46366,www.ffmbank.com,56031,
Woodlands Bank,,1479470,46371,www.woodlandsbank.com,17701,
Sound Banking Company,,1494482,46420,www.soundbankingco.com,98499,
Shinhan Bank America,CHB America Bank,1494914,46425,www.shbamerica.com,10016,
"Big Bend Banks, N.A.",The Marfa National Bank,362856,2148,www.marfanb.com,79843,
Premier Bank Minnesota,Premier Bank Metro South,1481745,46444,www.premierbanks.com,55033,
Northrim Bank,NORTHRIM BANK,1718188,46457,https://www.northrim.com,99503,
First National Bank of Central Texas,The First National Bank of Mart,369659,2151,www.fnbct.com,76710,
Mason Bank,The Mason National Bank,368054,2153,www.masonbank.com,76856,
The First National Bank of McGregor,,895055,2154,www.tfnbtx.com,76657,
CIBC Bank USA,The PrivateBank and Trust Company,1842065,46854,us.cibc.com,60603,
First Bank and Trust of Memphis,The First National Bank of Memphis,373553,2157,www.firstmemphis.com,79245,
Menard  Bank,The Menard National Bank,375650,2158,www.menardbank.com,76859,
Texas National Bank,Mercedes National Bank,497954,2159,http://texasnational.com,78570,
Enterprise Bank,Enterprise Bank National Association,1836701,47018,https://www.ENTERPRISE.BANK,68154,
The First National Bank of Mertzon,,500256,2161,www.fnbmertzon.com,76941,
Ledyard National Bank,,1863097,47078,www.ledyard.bank,05055,
"Incommons Bank, N.A.",First National Bank of Mexia,414858,2163,WWW.INCOMMONSBANK.COM,76667,
Citizens First Bank,First Bank of the Villages,1867983,47125,www.citizensfb.com,32162,
Arbor Bank,Otoe County Bank & Trust Company,1872941,47135,http://www.arborbanking.com,68410,
Oak Valley Community Bank,,1864197,47142,www.ovcb.com,95361,
Today's Bank,First State Bank of Northwest Arkansas,1879016,47176,www.todaysbank.com,72740,
Crescent Bank,Crescent Bank & Trust,1885932,47216,www.cbtno.com,70002,
"Charles Schwab Premier Bank, SSB",Nordstrom fsb,1893049,47221,,76262,
Unity Bank,First Community Bank,1890525,47251,www.unitybank.com,08809,
First National Bank of Coffee County,,1892154,47254,www.fnbcc.com,31533,
The First National Bank of Moody,,108269,2171,WWW.FNBTX.BANK,76557,
Preferred Bank,,1918344,47419,www.preferredbank.com,90017,
Boone Bank & Trust Co.,Boone Bank & Trust Company,745347,47432,www.boonebankiowa.com,50036,
"SouthState Bank, National Association",First National Bank of Polk County,1929247,47437,www.southstatebank.com,33880,
"Desjardins Bank, National Association",Desjardins Federal Savings Bank,1940747,47448,www.Desjardinsbank.com,33009,
United Bank of Philadelphia,,1945247,47451,http://www.ubphila.com,19122,
Lee Bank,,790703,47726,WWW.LEEBANK.COM,01238,
The Bank of East Asia Ltd.,,1751420,47727,,10022,
Bank of India,,727709,47731,,10017,
Bank of China,,125707,47736,,11355,
Bank of China,,908508,47737,,10018,
Metropolitan Bank and Trust Company,,449515,47740,,10022,
"Mizrahi Tefahot Bank, Ltd.","United Mizrahi Bank, Ltd.",887461,47745,,90071,
State Bank of India,,217237,47748,,60603,
Normangee State Bank,The First National Bank of Normangee,958763,2186,www.normangeestatebank.com,77871,
Bank of Baroda,,909000,47765,,10016,
State Bank of India,,95716,47766,,10022,
Bank Hapoalim B.M.,,790105,47770,,10036,
International Bank of Chicago,,2006024,47819,www.inbk.com,60640,
Citizens Community Bank,,2002222,47930,www.ccbank.net,37398,
Citizens Community Bank,,2007991,47963,http://www.citizenscommunitybank.com,62258,
Starion Bank,First Southwest Bank - Bismarck,2009605,47968,WWW.STARIONBANK.COM,58501,
Ozona Bank,The Ozona National Bank,780263,2193,http://www.ozona.bank,76943,
Village Bank,,2010722,47971,www.villagebankonline.bank,55070,
"Stifel Trust Company, National Association","Legg Mason Trust,  FSB",2713920,48032,http://www.stifeltrust.com/,63102,
Tioga-Franklin Savings Bank,Tioga-Franklin Savings Association,885579,48082,www.tiogafranklin.com,19125,
"Wheaton Bank & Trust, National Association",Northview Bank & Trust,2044811,48083,www.wheatonbank.com,60187,
Community Bank of Elmhurst,,2044820,48088,www.communityelmhurst.com,60126,
American National Bank - Fox Cities,,2051127,48096,www.anbfc.bank,54911,
Priority Bank,"River Valley Savings Bank, FSB",2059990,48118,https://www.prioritybank.com,72703,
Capital Community Bank,"CAPITAL COMMUNITY BANK, INC.",2068107,48127,https://www.ccbank.com,84604,
FDS Bank,FDS National Bank,2107181,48138,,45040,
The Liberty National Bank in Paris,,1669,2200,www.lnbparis.com,75460,
"Hinsdale Bank & Trust Company, National Association",Hinsdale Bank & Trust Company,2119773,48157,www.hinsdalebank.com,60521,
The Bank of Milan,,2123930,48159,www.bankofmilan.net,38358,
Credit First National Association,,2122997,48163,,44142,
The National Bank of Indianapolis,,2132941,48168,www.nbofi.com,46204,
Quad City Bank and Trust Company,,2142155,48175,www.qcbt.com,52722,
FirstBank Southwest,"FirstBank Southwest, National Association",840363,2202,www.fbsw.com,79109,
The Perryton National Bank,,8462,2203,http://www.perrytonbank.com,79070,
Pointbank,The Pilot Point National Bank,844567,2204,https://www.pointbank.com,76258,
Raymond James Bank,"Raymond James Bank, FSB",2193616,54692,www.raymondjamesbank.com,33716,
Heritage Bank of Commerce,,2209553,54761,www.heritagebankofcommerce.bank,95110,
Frontier Bank,Midwest Federal Savings Bank,2218443,54778,www.frontierbank.com,57104,
Charlevoix State Bank,,2232757,54977,www.charlevoixstatebank.com,49720,
"Patriot Bank, National Association",Patriot National Bank,2236821,55097,www.bankpatriot.com,06905,
"Wintrust Bank, National Association",North Shore Community Bank & Trust Company,2239288,55104,www.wintrustbank.com,60604,
"TD Bank USA, National Association",Waterhouse National Bank,2121196,55116,www.td.com/us/en/personal-banking/,19808,
"Natbank, National Association","Natbank, F.S.B.",2233875,55333,www.natbank.com,33020,
First Capital Bank,First National Bank in Quanah,919568,2213,www.fcbqt.com,79252,
"The Peoples Bank, Biloxi, Mississippi",The Peoples Bank of Biloxi,870539,270,thepeoples.com,39530,
"Texas Republic Bank, National Association",The Security National Bank of Quanah,735067,2214,www.texasrepublicbank.com,75034,
The First National Bank of Quitaque,,644963,2215,www.fnbquitaque.com,79255,
EverTrust Bank,,2297998,55588,http://www.evertrustbank.com,91746,
"Village Bank and Trust, National Association",Northwest Community Bank,2298995,55589,www.bankatvillage.com,60004,
Texas National Bank,,1435092,55592,www.texasnational.bank,79556,
Community Bank,Community National Bank,2304636,55598,www.communitybanktopeka.com,66614,
TNBANK,,2305969,55601,www.tnbank.bank,37830,
Time Bank,Park Ridge Community Bank,2316714,56015,www.time.bank,60068,
First American State Bank,,2317672,56017,http://www.fasbank.com,80111,
First Community Bank,"First Community Bank, National Association",2328137,56126,www.firstcommunitysc.com,29072,
Vantage Bank Texas,The First National Bank of Refugio,26765,2218,www.vantage.bank,78216,
Bay Bank,,2329200,56131,www.baybankgb.com,54313,
Lusitania Savings Bank,"Lusitania Savings Bank, FSB",385686,56137,www.lusitaniabank.com,07105,
Thomasville National Bank,,2344753,56205,www.tnbank.com,31792,
"Wilmington Trust, National Association","M&T Bank, National Association",2265456,56206,http://www.wilmingtontrust.com,19801,
"Libertyville Bank & Trust Company, National Association",Libertyville Bank & Trust Company,2339795,56210,www.libertyvillebank.com,60048,
Capitol Bank,,2339599,56211,capitol.bank,53717,
Pan American Bank & Trust,Pan American Bank,2343167,56249,WWW.PANAMERBANK.COM,60160,
Bank of Ann Arbor,,2390929,56263,www.bankofannarbor.com,48104,
People's Bank of Seneca,People's National Bank,2396592,56290,www.peoplesbankofseneca.com,64865,
Bank of Star Valley,,2396604,56293,www.bosv.com,83110,
First United Bank and Trust Company,"First United Bank of Hopkins County, Inc.",2356091,56295,www.efirstunitedbank.com,42431,
Community Banking Company,Community Banking Company of Fitzgerald,553038,56308,www.communitybankingcompany.com,31750,
West Pointe Bank,,2371816,56310,www.westptebank.com,54902,
Eagle Rock Bank,Olmsted National Bank,2391588,56828,www.eaglerock.bank,55901,
Applied Bank,Cross Country Bank,2467670,56851,www.appliedbank.com,19803,
Farmers State Bank,,475354,272,www.farmersebank.com,59875,
Great Plains National Bank,,2482824,56965,https://www.gpbankok.com.,73644,
Platte Valley Bank,Platte Valley National Bank,2465881,56969,www.pvbank.com,69361,
"Morgan Stanley Private Bank, National Association",Dean Witter Trust FSB,2489805,56980,www.etrade.com,10577,
The Citizens Bank of Georgia,The Citizens Bank of Forsyth County,2505451,56988,www.citizbank.com,30040,
Marine Bank & Trust Company,,2587916,56992,www.marinebankandtrust.com,32963,
Wolf River Community Bank,Wolf River Community Savings Bank,2505424,56999,http://wolfriverbank.com,54944,
Pacific Coast Bankers' Bank,,2451240,57011,pcbb.com,94596,
"Planters Bank, Inc.",,2497181,57013,www.plantersbankonline.com,42240,
Crown Bank,"Crown Bank, National Association",2686211,57018,www.crownbank.net,07208,
CFG Bank,AmericasBank,2471239,57053,www.cfg.bank,21093,
Westamerica Bank,The First National Bank of Cloverdale,697763,2226,www.westamerica.com,94901,
Eaglemark Savings Bank,"Eaglemark Bank, National Association",2605566,57072,,89521,
Southwestern National Bank,,2625724,57078,http://www.swnbk.com,77036,
DSRM National Bank,,2502825,57090,,87109,
American Metro Bank,,2533043,57093,http://www.americanmetrobank.com,60640,
"City First Bank, National Association","City First Bank of D.C., National Association",2697963,57111,www.cityfirstbank.com,20009,
Core Bank,Sapp City Bank,976552,57122,www.corebank.com,68118,
Texas Capital Bank,"Texas Capital Bank, National Association",2618780,57146,www.texascapitalbank.com,75201,
Premier Bank,,2539960,57147,www.premierbank.bank,51247,
Spring Valley Bank,,2607412,57149,www.springvalleybank.com,45215,
1st Equity Bank,,2531562,57156,www.1stequitybank.net,60076,
Security National Bank of South Dakota,,2529176,57157,http://www.snbsd.com,57049,
"Barrington Bank & Trust Company, National Association",,2508751,57158,www.barringtonbank.com,60010,
First Northern Bank of Dixon,The First National Bank of Dixon,783161,2228,www.thatsmybank.com,95620,
Fortis Bank,Front Range Bank,2515320,57164,www.fortisbankus.com,80237,
Coastal Community Bank,,2562164,57166,www.coastalbank.com,98203,
WebBank,WebBank Corporation,2576134,57167,www.webbank.com,84111,
NorthStar Bank,,2562137,57170,http://WWW.NORTHSTARBANKIOWA.COM,51334,
The Bank,,2505460,57172,www.thebank.bank,70546,
First Command Bank,,2568063,57178,www.firstcommand.com,76109,
American Bank,American Bank of the Lehigh Valley,2580243,57185,www.ambk.com,18104,
State Bank,State Bank of Green River,2602828,57205,statebankwy.com,82935,
Customers Bank,New Century Bank,2354985,57208,www.customersbank.com,19355,
First National Bank,,2490285,57219,www.fnbrotan.com,79546,
"Keystone Bank, SSB",Ballinger National Bank,1429028,57220,www.keystone.bank,78738,
The Bank of Jackson,,2577739,57221,www.bankofjackson.com,38305,
Millennial Bank,Covenant Bank,2621285,57224,www.millennial.bank,35094,
Cedar Hill National Bank,,2651899,57669,,28273,
Hiawatha Bank and Trust Company,,2536633,57679,http://www.hiawathabank.com,52233,
Edison National Bank,,2594419,57680,www.edisonnationalbank.com,33907,
First Commercial Bank (USA),First Commercial Bank Taiwan,2332910,57687,bankfcb.com,91801,
Principal Bank,,2654911,57785,www.principal.com/bank,50309,
Peoples Bank of East Tennessee,Peoples Bank of Monroe County,2614344,59024,www.PBET.bank,37354,
Merrick Bank,Merrick Financial Corporation (Merrick),2615190,59026,http://www.merrickbank.com,84095,
Prairie Community Bank,Prairie State Bank,2598396,59033,www.prairiecommunitybank.com,60152,
First Community Bank,First Community Bank of Batesville,2596646,59040,www.firstcommunity.net,72501,
"TCM Bank, National Association",,2687487,59042,https://www.tcmbank.com,33607,
Neighborhood National Bank,,2333140,59055,http://www.mynnb.com,92019,
ENCORE BANK,The Capital Bank,2594240,59070,www.bankencore.com,72223,
Alliance Bank,,2619714,59074,www.alliancebanking.com,63701,
Pacific Crest Bank,Phoenix Savings Bank,2643595,60748,http://www.paccrest.com/,98037,
Atlantic Union Bank,Union First Market Bank,693224,60753,www.atlanticunionbank.com,23219,
Mercantile Bank,Mercantile Bank of Michigan,2608754,60762,www.mercbank.com,49504,
"The Pitney Bowes Bank, Inc.",,2649177,60763,,84111,
"MVB Bank, Inc","The Monongahela Valley Bank, Inc.",2757205,60768,www.mvbbanking.com,26554,
American Bank of Oklahoma,,2684552,60771,www.americanbankok.com,74021,
First Internet Bank of Indiana,,2758613,60772,www.firstib.com,46038,
Community First Banking Company,Community First National Bank of West Plains,2615220,60833,www.cfbankco.com,65775,
"Macatawa Bank, National Association",Macatawa Bank,2634351,60841,www.macatawabank.com,49424,
ITS Bank,,2774707,60842,,50131,
Community First Bank,,2642598,60850,www.cfbhfg.com,99336,
Sunstate Bank,Sofisa Bank Florida,2791085,60866,www.sunstatefl.com,33176,
Key Community Bank,,2610784,61021,www.keycommunitybank.com,55076,
American First National Bank,,2694681,61033,www.afnb.com,77036,
The Community Bank,,2621940,61118,www.communitybankliberal.com,67901,
"Crystal Lake Bank and Trust Company, National Association",,2624400,61192,crystallakebank.com,60014,
People's Bank of Commerce,Peoples Bank of Commerce,2661861,61197,www.peoplesbank.bank,97504,
Charter Bank,Johnston Charter Bank,2705112,61198,www.charterbanker.com,50131,
WEX Bank,Wright Express Financial Services Corporation,2700984,61209,www.wexinc.com,84070,
Metropolitan Commercial Bank,Metropolitan National Bank,2705895,61302,www.mcbankny.com,10016,
"Nationwide Trust Company, FSB",Nationwide Bank,2729677,61314,www.nationwide.com,43215,
Farmers Building and Savings Bank,Farmers Building and Loan Association,19972,61315,,15074,
"Town Bank, National Association",Town Bank,2693264,61321,www.townbank.us,53029,
Farmers & Merchants Bank of Colby,,2667939,61323,www.fmbcolby.com,67701,
Independent Bank,,2666400,61412,www.i-bankonline.com,38157,
EagleBank,,2652092,61426,www.eaglebankcorp.com,20814,
ClearPoint Federal Bank & Trust,Forethought Federal Savings Bank,2723376,61520,www.clearpointfederal.com,47006,
First Community Bank of Hillsboro,,2696180,61524,www.fcbhillsboro.com,62049,
Virginia National Bank,,2708122,61527,www.vnb.com,22902,
Asian Bank,,2785477,61531,http://www.theasianbank.com,19107,
Portage Community Bank,,2668598,61532,www.portagecommunity.bank,44266,
"EverBank, National Association",First Alliance Bank,2735146,61548,www.everbank.com,32202,
First Trust Bank of Illinois,,2718596,61551,www.firsttrustbankil.com,60901,
"Transportation Alliance Bank, Inc. d/b/a TAB Bank","Transportation Alliance Bank, Inc.",2736219,61554,www.TABBANK.COM,84403,
Commercial Capital Bank,,2756730,61558,www.comcapbank.com,71232,
Enterprise Bank,,2730431,61560,www.enterprisebankpgh.com,15101,
American Business Bank,U.S. Business Bank,2734729,61562,WWW.AMERICANBB.BANK,90071,
Thrivent Trust Company,"AAL Trust Company, FSB",2745529,61647,www.thriventtrust.com,54919,
Resource Bank,,2716088,61651,http://www.resource.bank,70433,
Mission Bank,,2736714,61653,www.missionbank.bank,93301,
Nebraskaland Bank,NebraskaLand National Bank,2667957,61659,www.nebraskalandbank.com,69101,
North American Banking Company,,2631846,61748,www.nabankco.com,55113,
Southern Bank of Tennessee,The Community Bank of East Tennessee,2793593,61803,www.southernbankoftn.com,37122,
Premier Bank,,2687133,61808,http://www.premierbanking.com,52002,
Community Bank of Oelwein,,2702764,61820,www.bankoelwein.com,50662,
New Republic Bank,New Republic Savings Bank,2754222,61823,newrepublicbank.com,28202,
"Connecticut Community Bank, National Association",Westport National Bank,2756909,61938,www.ccbankonline.com,06850,
Susser Bank,"Affiliated Bank, National Association",965789,61948,www.susserbank.com/,75219,
Parke Bank,,2764212,61951,www.parkebank.com,08080,
"New Peoples Bank, Inc.",,2736451,61953,www.newpeoples.bank,24260,
Preferred Bank,,2811086,61963,,62420,
Cogent Bank,Pinnacle Bank,2847142,61971,WWW.cogentbank.net,32801,
First National Bank of Hereford,,2759629,62035,http://www.fnbhereford.com,79045,
Legends Bank,,2745426,62055,www.legendsbank.com,37040,
Commerce Bank,Commerce National Bank,2746245,62057,www.commerce-bank.com,38834,
Northpointe Bank,,2737980,62127,www.northpointe.com,49546,
"American Bank and Trust Company, National Association",American Bank and Trust Company,2733263,62129,www.goambank.com,52807,
First Capital Bank,,2849463,62140,www.bankwithfirstcapital.com,29401,
Popular Bank,"Banco Popular, New York",2736291,62141,www.popularbank.com,10004,
Banco Popular de Puerto Rico,,940311,62142,www.popular.com,00918,
First Central Savings Bank,,2797359,62143,http://FIRSTCENTRALSAVINGS.COM,11542,
Peoples Savings Bank,,2732565,62147,www.mybankpsb.com,50125,
Synergy Bank,,2748502,62152,www.synergybank.com,70360,
Red River Bank,,2743244,62154,http://www.RedRiverBank.net,71301,
First Central Bank McCook,First Central Bank McCook National Association,2726050,73817,http://www.firstcentral.com,69001,
BayFirst National Bank,First Home Bank,2771694,73819,www.bayfirstfinancial.com,33701,
First IC Bank,First Intercontinental Bank,2877840,73820,www.firsticbank.com,30340,
AuburnBank,Bank of Auburn,749635,17,www.auburnbank.com,36830,
nbkc Bank,Horizon National Bank,2747587,73838,www.nbkc.com,66206,
Currency Bank,West Carroll Community Bank,2807173,73843,www.currency.bank,70806,
Community First Bank,,2775179,73844,www.cfirstbank.com,70560,
AB&T,AB&T NATIONAL BANK,2775151,73853,www.abtgold.com,31707,
Freedom Financial Bank,,2735137,73855,www.freedomfinancialbank.com,50266,
American Community Bank,AMERICAN COMMUNITY BANK,2871558,73857,http://www.acbalways.com,11542,
Madison County Community Bank,,2805928,74360,www.mccbflorida.com,32340,
The Settlers Bank,,2747279,74364,http://www.settlers.bank,45750,
The Philadelphia Trust Company,,2796277,74650,www.philadelphiatrust.com,19103,
Petit Jean State Bank,,2769570,74661,http://www.pjsb.com,72110,
Community Bank of Memphis,,2724766,74672,http://www.communitybankofmemphis.com,63555,
TowneBank,Towne Bank,2797724,74673,www.townebank.com,23703,
"Bank of America, National Association",Bank of America National Trust and Savings Association,480228,2238,www.bankofamerica.com,28202,
Buckeye Community Bank,,2836306,74680,www.buckeyebank.com,44035,
Idaho Trust  Bank,Idaho Trust Company,2753917,74682,www.idahotrust.com,83702,
"Wells Fargo Bank, National Association",Crocker-Citizens National Bank,451965,2239,www.wellsfargo.com,57104,
"Community Bank of Wichita, Inc.",,2775692,74907,www.cbw.bank,67206,
Sauk Valley Bank & Trust Company,,2797162,74920,www.saukvalleybank.com,61081,
Millennium Bank,Community Trust & Banking Company,2820604,75130,http://www.millenniumbank.com,37363,
Seattle Bank,Seattle Savings Bank,2838207,75131,www.seattlebank.com,98101,
BMW Bank of North America,,2850722,75133,http://www.bmwusa.com,84121,
New Millennium Bank,,2833882,75147,https://WWW.NMBONLINE.COM,07024,
"M.Y. SAFRA BANK, FSB",T. Rowe Price Savings Bank,2916534,75150,www.mysafra.com,10022,
Farm Bureau Bank FSB,,2819167,75154,www.farmbureau.bank,89521,
The Murray Bank,,2819242,75632,www.themurraybank.com,42071,
Capital Bank and Trust Company,,2921659,75636,www.americanfunds.com,92618,
The Bank of Baker,,222558,278,www.bankofbaker.com,59313,
"Fidelity Personal Trust Company, FSB",,2914268,76172,www.fidelity.com,03054,
Bank of the James,,2787770,76173,www.bankofthejames.bank,24504,
Community Bank of the South,,2860039,76179,www.cbos.bank,32953,
First Reliance Bank,,2839790,76181,firstreliance.com,29501,
Wyoming Community Bank,Wyoming National Bank,2806840,76775,http://www.wyomingcommunity.bank,82501,
Freedom Bank,,2858492,76776,WWW.THATSFREEDOM.BANK,47542,
First Secure Community Bank,American Heartland Bank and Trust,2805535,76778,http://www.1stsecurebank.com,60554,
Southern Illinois Bank,,2847085,76785,http://www.southernillinoisbank.com,62951,
"John Deere Financial, f.s.b.","FPC Financial, F.S.B.",2992547,76794,www.deere.com,53562,
OPTUS Bank,South Carolina Community Bank,2794732,76798,www.optus.bank,29201,
Twin City Bank,,2905761,77225,www.twincitybank.com,98632,
"Blue Ridge Bank,  National Association","Smith River  Community  Bank,  N.  A.",233527,77239,www.mybrb.com,24112,
Freedom Bank of Southern Missouri,,2835103,77241,www.freedombk.com,65625,
"Capital Bank, National Association",Harbor Capital National Bank,2808602,77667,http://www.capitalbankmd.com,20850,
Great American Bank,The Lawrence Bank,2815879,77682,http://www.greatambank.com,66044,
Southern First Bank,"Greenville First Bank, N.A.",2849801,77685,http://www.southernfirst.com,29607,
BHM Bank,Alamerica Bank,2877484,78220,BHM.bank,35205,
Georgia Community Bank,Bank of Terrell,2823221,78226,www.gcb.bank,31707,
FinWise Bank,Utah Community Bank,2880019,78229,www.finwise.bank,84107,
"Liberty Bank, National Association",California First National Bank,2907439,78237,www.libertybk.com,92614,
Oak Bank,,2857600,78239,HTTP://WWW.OAK.BANK,53719,
Five Star Bank,,2867337,78823,www.fivestarbank.com,95661,
Bank of Oak Ridge,BANK OF OAK RIDGE,2903123,78827,www.bankofoakridge.com,27310,
"Chino Commercial Bank, N.A.",,2925620,78830,www.chinocommercialbank.com,91710,
Alpine Capital Bank,,2889227,78845,www.alpinecapitalbank.com,10019,
SEI Private Trust Company,,2973386,78856,www.seic.com,19456,
United Trust Bank,United Trust and Federal Savings Bank,2949970,79497,www.utbhome.com,60463,
"MassMutual Private Wealth & Trust, FSB","The MassMutual Trust Company, F.S.B.",2881445,79498,www.massmutualtrust.com,06095,
BankVista,,2849285,79511,www.bankvista.com,56377,
Yampa Valley Bank,First National Bank of Steamboat Springs,2806635,79512,www.yampavalleybank.com,80487,
American Community Bank & Trust,American Community Bank,2869162,79520,http://www.amcombank.com,60098,
TriStar Bank,,2871099,80012,www.tristar.bank,37055,
Branson Bank,,2861317,80015,www.bransonbank.com,65616,
United National Bank,,2914727,80023,http://www.unbonline.com,39828,
OptimumBank,Optimumbank.com,2953418,80028,www.optimumbank.com,33308,
Bank of Brookhaven,,2877831,80038,www.bankofbrookhaven.com,39601,
Four Corners Community Bank,,2855866,80040,www.thebankforme.com,87401,
"Citizens Bank of Cumberland County, Inc.",,2921622,80041,www.cbcconline.com,42717,
"The Bancorp Bank, National Association",The Bancorp.com Bank,2858960,80043,www.thebancorp.com,57103,
"Century Bank of Kentucky, Inc.",,2920287,80228,http://www.centurybankky.com,40342,
"Hometown Bank of Corbin, Inc.",Bank of Corbin,2897633,80233,www.ahometownbank.com,40701,
1st Colonial Community Bank,1st Colonial National Bank,2920773,80234,http://www.1stcolonial.com,08108,
Citizens First Bank,,2882983,80561,www.gocfb.bank,52732,
Crown Bank,,2860271,80564,www.crown-bank.com,55435,
Quaint Oak Bank,Quaint Oak Savings Bank,815277,80582,www.quaintoak.com,18966,
Cypress Bank & Trust,Cypress Trust Company,2873598,80591,www.cypressbanktrust.com,32940,
Davidson Trust Co.,,644954,80595,,59401,
Community Bank of Pickens County,,2943615,80598,http://www.cbopc.com,30143,
The Federal Savings Bank,Brooke Savings Bank,2806877,81171,www.thefederalsavingsbank.com,60639,
North State Bank,,2915461,81172,http://www.northstatebank.com,27609,
InsBank,Insurors Bank of Tennessee,2877345,81174,www.insbank.com,37215,
First Carolina Bank,First Carolina State bank,2963266,81325,www.firstcarolinabank.com,27804,
First Electronic Bank,,2947556,81328,www.firstelectronic.com,84106,
BCB Community Bank,Bayonne Community Bank,2954059,81650,www.bcb.bank,07002,
Bank of Franklin County,,2913702,81652,www.bankoffranklincounty.com,63090,
Axos Bank,Bank of Internet USA,2917317,81655,www.axosbank.com,92122,
Century Bank of Florida,,2939001,81669,www.centurybk.com,33612,
"American Bank & Trust Company, Inc.",,2919898,81679,www.ambanking.com,42103,
Pinnacle Bank,Pinnacle National Bank,2925666,82012,www.pnfp.com,37203,
Community First National Bank,,2907019,82014,www.cfnb.bank,66502,
NEW FRONTIER BANK,,2917184,291929,www.newfb.com,63303,
Country Trust Bank,Country  Trust Bank,449935,291943,www.countryfinancial.com/,61704,
The First National Bank of Mount Dora,,61832,2270,http://www.fnbmd.com,32757,
The First National Bank of Arenzville,,593333,2289,www.fnbarenzville.com,62611,
The First National Bank of Assumption,,604033,2290,www.FNBAssumption.com,62510,
The Atlanta National Bank,,672238,2291,www.theatlantanationalbank.com,61723,
Old Second National Bank,The Old Second National Bank of Aurora,936136,2293,www.oldsecond.com,60506,
MidAmerica National Bank,The National Bank of Canton,510938,2301,www.midnatbank.com,61520,
Casey State Bank,The Casey National Bank,306337,2302,WWW.CASEYSTATEBANK.COM,62420,
"First Montana Bank, Inc.",First State Bank of Libby,613156,287,www.firstmontanabank.com,59802,
First National Bank & Trust Company,The de Witt County National Bank of Clinton,32234,2321,www.firstnbtc.com,61727,
First American Bank,First American Bank of Dundee,850036,2335,www.firstambank.com,60007,
Union National Bank and Trust Company of Elgin,The Union National Bank of Elgin,963730,2339,www.unbelgin.com,60120,
"INB, National Association",Illinois National Bank,925037,2341,http://www.inb.com,62701,
Grand Ridge National Bank,The First National Bank of Grand Ridge,875132,2349,www.GRNbank.com,60187,
The Havana National Bank,,940731,2352,http://www.havanabank.com,62644,
The First National Bank of Lacon,,824738,2360,http://www.fnblacon.com,61540,
Hometown National Bank,La Salle National Bank,770639,2362,www.myhtnb.bank,61301,
The Lemont National Bank,,480330,2363,www.lemontnationalbank.com,60439,
First Security Bank,The First National Bank of Mackinaw,416339,2368,www.fsb1.com,61755,
"Resource Bank, National Association",The First National Bank of Malta,235530,2370,www.resourcebank.com,60115,
First Bank of Manhattan,The First National Bank of Manhattan,238139,2371,www.fnbmanhattan.com,60442,
"First Mid Bank & Trust, National Association","First National Bank, Mattoon, Illinois",762447,2374,www.firstmid.com,61938,
Midwest Bank,The National Bank of Monmouth,709143,2377,www.mbwi.com,61462,
Grundy Bank,The Grundy County National Bank,715144,2379,www.grundy.bank,60450,
"American Commercial Bank & Trust, National Association",The First National Bank of Ottawa,856243,2385,www.acbandt.com,61350,
First National Bank of Pana,,860147,2386,www.fnbquality.bank,62557,
Prospect Bank,"The Edgar County Bank and Trust Co., Paris, Illinois",738143,2388,www.bankprospect.com,61944,
Farmers National Bank,The Farmers National Bank of Prophetstown,933041,2397,www.farmersnationalbank.bank,61277,
First Community Bank of Moultrie County,The First National Bank of Sullivan,459644,2410,www.firstmoco.com,61951,
"First Neighbor Bank, National Association",The First National Bank in Toledo,413646,2412,http://www.firstneighbor.com,62468,
The First National Bank in Tremont,,353546,2414,www.tremontbank.com,61568,
The Anna -Jonesboro National Bank,The Anna National Bank,855844,2424,WWW.AJNATIONAL.COM,62906,
The First National Bank of Ava,,858443,2425,www.fnbava.bank,62907,
Great Rivers Bank,The First National Bank of Barry,857941,2426,www.greatriversbank.bank,62312,
The First National Bank of Brownstown,,207041,2434,www.fnbbrownstown.com,62418,
"CNB Bank and Trust, N.A.",The Carlinville National Bank,613343,2439,www.cnbil.com,62626,
The First National Bank of Carmi,,209148,2440,www.myfirst.bank,62821,
Dieterich Bank,The First National Bank of Dieterich,771140,2450,http://www.dieterichbank.com,62401,
The Fairfield National Bank,,640246,2455,http://www.fnbcommunitybank.com,62837,
The Bradford National Bank of Greenville,,720746,2461,www.bradfordbank.com,62246,
Kinmundy Bank,The First National Bank of Kinmundy,489249,2466,www.kinmundybank.com,62854,
The First National Bank of Litchfield,,370347,2468,www.fnbl.com,62056,
The Litchfield National Bank,,372444,2469,www.ibanklnb.com,62056,
"Peoples National Bank , N.A.",The Peoples National Bank of McLeansboro,375043,2470,www.peoplesnationalbank.com,62864,
The City National Bank of Metropolis,,298245,2475,https://www.cnb-metropolis.com,62960,
The First Bank and Trust Company of Murphysboro,The First National Bank of Murphysboro,303747,2479,www.fb-t.com,62966,
The Farmers and Merchants National Bank of Nashville,,513546,2482,www.bankwithfmb.com,62263,
The First National Bank of Okawville,,333940,2486,www.fnbokaw.com,62271,
The Old Exchange National Bank of Okawville,,411240,2487,http://www.oenbokawville.com,62271,
The First National Bank of Raymond,,421445,2490,www.fnbraymond.com,62560,
Old National Bank,The Peoples National Bank in Lawrenceville,208244,2492,www.oldnational.com,47708,
Midwest National Bank,The First National Bank of Sandoval,122546,2494,www.midwestnationalbank.com,62882,
The First National Bank of Sparta,,246947,2496,www.fnbsparta.com,62286,
The Ohio Valley Bank Company,,498317,296,www.ovbc.com,45631,
The FNB Community Bank,The First National Bank of Vandalia,137447,2498,www.thefnb.com,62471,
First National Bank of Waterloo,The First National Bank of Waterloo,145545,2499,www.fnbwaterloo.bank,62298,
Community First Bank of the Heartland,First National Bank of Mt. Vernon,273840,2503,www.cfbh.bank,62864,
"First Community Bank, Xenia-Flora",The First National Bank of Xenia,242,2505,www.fcbxeniaflora.com,62899,
Bank of 1889,The First National Bank of Berryville and Eureka Springs,864846,2509,www.1889.bank,72616,
First National Bank of Eastern Arkansas,The National Bank of Eastern Arkansas of Forrest City,251745,2518,www.fnbea.com,72335,
The First National Bank of Fort Smith,,397540,2519,www.fnbfs.com,72901,
Anstaff Bank,The First National Bank in Green Forest,261940,2522,www.anstaff.bank,72638,
Eagle Bank and Trust Company,Heber Springs State Bank,453446,2524,www.eaglebank.com,72211,
First National Bank,National Bank of Commerce of Paragould,42448,2535,http://www.fnbank.net,72450,
The Peoples Bank,,378110,299,www.peoplesgambier.com,43022,
Simmons Bank,Simmons First National Bank,663245,2536,www.simmonsbank.com,71601,
First National Bank Of Commerce,The First National Bank of Lawrence County at Walnut Ridge,799948,2542,www.firstnb.bank,72476,
Robertson Banking Company,,430036,21,www.robertsonbanking.com,36732,
First National Bank and Trust Co. of Bottineau,First National Bank in Bottineau,974558,2547,www.firstbottineau.com,58318,
Heartland State Bank,Security State Bank of Edgeley,837653,2555,www.heartlandstatebank.com,58433,
"Alerus Financial, National Association",First National Bank North Dakota,933256,2563,http://www.alerus.com,58201,
Aspire Bank,The Farmers and Merchants National Bank of Hatton,668053,2565,aspirebanks.com,58104,
First Bank & Trust,First National Bank in Brookings,77851,2584,www.bankeasy.com,57006,
DNB NATIONAL BANK,Deuel County National Bank,401559,2586,www.dnbanks.com,57226,
The First National Bank of Frederick,,288152,2590,www.fnbfredericksd.com,57441,
First Summit Bank,The First State Bank,514356,306,www.fsbwford.com,73565,
First National Bank in Philip,The First National Bank of Midland,538754,2595,www.fnbphilip.com,57567,
"BankWest, Inc.","BankWest, N.A.",540551,2598,www.bankwest-sd.com,57501,
The First National Bank in Sioux Falls,First National Bank and Trust Company in Sioux Falls,326858,2602,www.fnbsf.com,57104,
Sooner State Bank,The Bank of Tuttle,534756,309,http://www.soonerstatebank.com,73089,
First Dakota National Bank,The First Dakota National Bank and Trust Company of Yankton,441256,2609,www.firstdakota.com,57078,
Vision Bank,The First National Bank and Trust Company of Ada,241157,2610,www.visionbank.bank,74820,
Frazer Bank,The First National Bank in Altus,245351,2612,WWW.FRAZERBANK.COM,73521,
First National Bank and Trust Company of Ardmore,First National Bank at Ardmore,984258,2616,www.1nb.bank,73401,
The Farmers State Bank,,647759,310,www.fsb1908.bank,74561,
The First Security Bank,The First National Bank of Beaver,49951,2620,www.thefirstsecuritybank.com,73932,
Legacy Bank,First Community Bank,320052,2621,http://www.legacybank.com,73047,
SpiritBank,The American National Bank of Bristow,142955,2624,www.spiritbank.com,74135,
First Enterprise Bank,First Bank of Britton,315656,2625,www.febokc.com,73114,
The First National Bank and Trust Company of Broken Arrow,The First National Bank of Broken Arrow,145554,2626,fnbba.com,74012,
AllNations Bank,The First National Bank of Calumet,146056,2627,www.anbok.bank,73014,
The Farmers Bank,The Farmers National Bank of Carnegie,998657,2629,www.farmersbankok.com,73015,
The Peoples National Bank of Checotah,,942454,2634,http://www.peoplesok.com/,74426,
Cleo State Bank,"Cleo State Bank, Cleo Springs",155759,312,cleostatebank.com,73729,
ACB Bank,The Alfalfa County National Bank of Cherokee,266253,2636,www.acbbank.net,73728,
"The First National Bank and Trust Co., Chickasha, Oklahoma",The Citizens Farmers National Bank of Chickasha,154154,2637,www.bankfnbt.com,73018,
MidFirst Bank,Oklahoma Bank and Trust Company,595270,2638,www.midfirst.com,73118,
Oklahoma Bank and Trust Company,The Oklahoma National Bank of Clinton,159953,2641,https://www.oklabank.com,73601,
FNB Coweta,The First National Bank of Coweta,61953,2645,FNBCOWETA.COM,74429,
Southwest Bank of Weatherford,Southwest National Bank,1014059,2650,www.swnbank.com,73096,
The Citizens Bank of Edmond,The Citizens National Bank of Edmond,172457,2658,http://www.mycitizens.bank,73034,
The First National Bank & Trust,The First National Bank of Elk City,114457,2659,www.fnbec.com,73644,
Bank of Western Oklahoma,The Farmers National Bank of Elk City,175056,2660,www.bankofwesternoklahoma.com,73644,
"Stride Bank, National Association","Central National Bank & Trust Co., of Enid",278555,2664,www.stridebank.com,73701,
First Bank,First American Bank,280352,2665,https://www.yourfirst.bank,73645,
Bank of Eufaula,The State National Bank of Eufaula,343051,2667,WWW.BANKOFEUFAULA.COM,74432,
The Farmers and Merchants National Bank of Fairview,,73152,2669,www.fairview.bank,73737,
The First National Bank of Fletcher,,185251,2670,http://fletcherbank.com,73541,
Phenix-Girard Bank,,432432,23,www.phenix-girard.com,36867,
First National Bank,The First National Bank of Heavener,195456,2681,www.okfnb.com,74937,
1st Bank in Hominy,First National Bank in Hominy,350657,2688,http://www.1stbankhominy.com,74035,
The First National Bank of Hooker,,816256,2689,www.hookerbank.com,73945,
"The City National Bank and Trust Company of Lawton, Oklahoma",The City National Bank of Lawton,294751,2696,www.cnb1901.com,73501,
The Stock Exchange Bank,,958558,319,www.stockexchangebank.com,73801,
Farmers and Merchants Bank,The First National Bank of Maysville,836656,2704,http://www.fmbokonline.com,73057,
First National Bank & Trust Company of McAlester,The First National Bank of Mcalester,830355,2705,www.fnbmcalester.com,74501,
"The Bank, National Association",The National Bank of McAlester,829050,2706,www.thebankna.com,74501,
Bank 7,The First National Bank of Medford,18854,2707,www.bank7.com,73116,
The First National Bank and Trust Company of Miami,The First National Bank of Miami,837158,2708,www.fnbmiami.com,74354,
Regent Bank,The First National Bank of Nowata,309655,2720,www.Regent.Bank,74136,
"Patrons Bank, National Association",The First National Bank and Trust Company of Okmulgee,634955,2728,www.mybankfnb.com,74447,
The Pauls Valley National Bank,,454658,2731,www.pvnb.com/www.pvnational.com,73075,
Security Bank,The Pawnee National Bank,516855,2734,http://www.sbtulsa.bank,74146,
High Plains Bank,The First State Bank,881852,323,www.hpbank.us,73763,
First Pryority Bank,The First National Bank of Pryor Creek,524953,2739,www.firstpryority.com,74361,
McClain Bank,The McClain County National Bank of Purcell,648251,2740,www.mcclainbank.com,73080,
American Heritage Bank,"The American National Bank and Trust Company of Sapulpa, Oklahoma",311050,2743,http://www.ahb.bank,74066,
THE SEILING STATE BANK,The First National Bank of Seiling,313157,2746,www.seilingsb.com,73663,
"SNB Bank, National Association",The Shattuck National Bank,394156,2749,www.snbbankna.com,73858,
Bank of Vici,,286251,325,http://www.bankofvici.com,73859,
Anchor D Bank,The First National Bank of Texhoma,327556,2760,www.anchordbank.com,73949,
First  Bank of Thomas,The First National Bank of Thomas,328058,2761,www.fnbthomas.com,73669,
Security State Bank,First State Bank,58551,326,www.ssbcheyenne.com,73628,
First National Bank of Oklahoma,The First National Bank in Tonkawa,525053,2763,www.fnbok.bank,73120,
"BOKF, National Association",National Bank of Tulsa,339858,2766,www.bokfinancial.com,74172,
COMMUNITY BANK OF OKLAHOMA,The Bank of Verden,412452,2768,http://bankofverden.com,73092,
The First Farmers National Bank of Waurika,The Farmers National Bank of Waurika,353957,2771,https://www.ffnbank.com,73573,
First Bethany Bank & Trust,The First National Bank of Bethany,988452,2774,https://www.firstbethany.com,73008,
The State Bank of Wynnewood,The State National Bank of Wynnewood,952257,2776,www.sbwok.com,73098,
YNB,The Yukon National Bank,953852,2779,www.ynbok.com,73099,
"Shamrock Bank, N.A.",First National Bank in Coalgate,300353,2780,www.shamrockbank.com,74538,
First United Bank and Trust Company,The Durant Bank & Trust Company,509950,2782,www.firstunitedbank.com,74701,
The Idabel National Bank,,237954,2783,www.idabelnational.com,74745,
The Camden National Bank,,593007,2790,www.camdennational.bank,04843,
First National Bank,The First National Bank of Damariscotta,439404,2791,www.thefirst.com,04543,
American Exchange Bank,,811550,330,americanexchange.bank,74437,
First National Bank of Louisiana,"First Bank, National Association",575834,2809,http://www.fnb-la.com,70526,
The First National Bank of Jeanerette,,622037,2811,www.yourfnb.com,70544,
"Capital One, National Association",Hibernia National Bank,112837,2818,www.capitalone.com,22102,
The Riddell National Bank,"The Riddell National Bank of Brazil, Indiana",319047,2834,http://www.riddellonline.com,47834,
"FCN Bank, National Association",The Franklin County National Bank of Brookville,321947,2835,www.fcnbank.com,47012,
Security First National Bank of Hugo,Security State Bank of Hugo,422657,333,http://www.sfnb.net,74743,
First National Bank,The First National Bank of Cloverdale,60648,2837,http://www.fnb-bank.com,46120,
Horizon Bank,The First-Merchants National Bank of Michigan City,130541,2868,www.horizonbank.com,46360,
The First National Bank of Monterey,,44040,2870,www.fnbmonterey.com,46960,
First Merchants Bank,First Merchants Bank National Association,17147,2871,http://www.firstmerchants.com,47305,
"First Financial Bank, National Association",Terre Haute First National Bank,693345,2886,www.first-online.bank,47807,
LNB Community Bank,The Lynnville National Bank,176642,2899,www.lnbbanking.com,47619,
Springs Valley Bank & Trust Company,THE SPRINGS VALLEY NATIONAL BANK,93543,2918,www.svbt.bank,47432,
"Midwest Heritage Bank, FSB",National Bank and Trust Company of Chariton,203043,2928,www.midwestheritage.com,50265,
First Citizens Bank,The Citizens National Bank of Charles City,186744,2929,www.myfcb.bank,50401,
The Clinton National Bank,,773443,2932,www.clintonnational.com,52732,
PS Bank,"People's State Bank of Wyalusing, Pennsylvania",597313,341,psbanking.com,18853,
Mercer County State Bank,,866121,342,www.mcsbank.bank,16145,
First Heritage Bank,The First National Bank of Farragut,618647,2945,http://www.fhbshen.com,51601,
First Bank Hampton,First National Bank of Hampton,786948,2949,www.fbh.bank,50441,
"Midstates Bank, National Association",The Harlan National Bank,728948,2950,www.midstatesbank.com,51503,
Logan State Bank,The First National Bank of Logan,754246,2956,https://www.loganstatebank.com,51546,
The First National Bank of Manning,,818540,2957,http://www.fnbmanning.com,51455,
FNNB Bank,The Newton National Bank,242949,2962,www.fnnbbank.com,50208,
The First National Bank of Primghar,,343248,2970,www.fnbprimghar.com,51245,
"The Security National Bank of Sioux City, Iowa",,418249,2978,https://www.snbonline.com,51101,
The Citizens First National Bank of Storm Lake,,424240,2982,www.citizensfnb.com,50588,
The State Bank of Toledo,The National Bank of Toledo,490348,2983,www.banktoledo.com,52342,
First Bank,The First National Bank of Waverly,376442,2987,http://www.FirstIowa.bank,50677,
Pony Express Bank,The First National Bank of Braymer,953843,2992,http://www.ponyexpressbank.com,64624,
Farmers Bank of Northern Missouri,"Farmers Bank of Northern Missouri, National Association",303952,3003,www.onlinefarmersbank.com,63565,
HNB National Bank,The Hannibal National Bank,908553,3004,www.hnbbanks.com,63401,
CNB St Louis Bank,Citizens National Bank of Greater St. Louis,870650,3011,http://www.cnbstl.com,63143,
TPNB Bank,The Paris National Bank,1007051,3017,www.tpnbbank.com,65275,
"The First National Bank of Nevada, Missouri",,827355,3045,www.fnbnevada.com,64772,
Farmers National Bank,The Farmers National Bank of Agra,137559,3056,http://www.farmersnationalbankonline.com,67661,
Exchange Bank & Trust,The Exchange National Bank and Trust Company of Atchison,144052,3062,WWW.EBT.BANK,66002,
Farmers Bank & Trust,The Farmers National Bank of Atwood,984351,3064,www.farmersbank-trust.com,67730,
American Bank of Baxter Springs,The American National Bank of Baxter Springs,1002953,3066,www.americanbankbaxter.com,66713,
First Heritage Bank,The First National Bank of Centralia,922157,3074,www.1hbank.com,66415,
The First National Bank in Cimarron,,677354,3076,www.fnbcimarron.com,67835,
Conway Bank,The First National Bank of Conway Springs,972750,3087,www.conwaybank.net,67031,
NINNESCAH VALLEY BANK,The First National Bank of Cunningham,789051,3090,http://www.nvalleybank.com,67035,
The First National Bank of Dighton,,636753,3091,http://www.fnbdighton.com,67839,
FirstOak Bank,The First National Bank of Elk City,916857,3096,www.firstoakbank.com,67301,
Home Bank and Trust Company,The Home National Bank of Eureka,840251,3098,http://www.homebank-trust.com,67045,
"Armed Forces Bank, National Association",Army National Bank,983457,3100,afbank.com,66027,
First National Bank in Frankfort,,923350,3102,www.fnbfrankfortks.com,66427,
"GNBank, National Association",The Girard National Bank,928056,3105,www.gn-bank.com,66743,
The Citizens National Bank,The Citizens National Bank of Greenleaf,991555,3109,www.thecnb.bank,66943,
Vista National Bank & Trust,The First National Bank of Harveyville,931458,3113,www.myvista.bank,66431,
The First National Bank of Hope,,870856,3118,https://www.fnbks.com,67451,
"The Howard State Bank, Howard, Kansas",The Howard National Bank,998358,3120,www.howardstatebank.com,67349,
The First National Bank of Hutchinson,,754853,3123,www.fnbhutch.bank,67501,
Central National Bank,The Central National Bank of Junction City,234355,3126,www.centralnational.com,66441,
Security Bank of Kansas City,Security National Bank of Kansas City,1009354,3128,www.securitybankkc.com,66101,
Citizens Bank of Kansas,The First National Bank of Kingman,1014853,3130,www.citizensbankofkansas.com,67068,
The First National Bank of Louisburg,,132451,3142,go.ibankfirst.com,66053,
The Marion National Bank,,167752,3148,bankwithmnb.com,66861,
Southwind Bank,United National Bank,276159,3153,southwindbank.com,67651,
First Option Bank,The First National Bank of Osawatomie,285852,3163,http://www.firstoptionbank.com,66064,
The First Security Bank,The First National Bank of Overbrook,460350,3168,www.firstsecurityks.com,66524,
First National Bank and Trust,The First National Bank of Phillipsburg,183958,3172,www.agbank.bank,67661,
SJN Bank of Kansas,The St. John National Bank,412555,3180,www.sjnbank.com,67576,
"Sunflower Bank, National Association",The First National Bank and Trust Company of Salina,474759,3181,www.sunflowerbank.com,75225,
The First National Bank of Scott City,,414652,3183,http://www.fnbscott.com,67871,
"Elevate Bank, National Association",The First National Bank of Sedan,195157,3184,www.elevate.bank,67361,
The Solomon State Bank,The Solomon National Bank,356659,3186,,67480,
The First National Bank of Spearville,,197254,3187,www.fnbspearville.com,67876,
Western National Bank,The First National Bank of Summerfield,199351,3191,www.mywnb.com,68327,
"Dream First Bank, National Association",The First National Bank of Syracuse,543459,3192,www.dreamfirst.bank,67878,
Emprise Bank,United American State Bank & Trust Company,65858,3199,www.emprisebank.com,67202,
Bank of the Flint Hills,The First National Bank of Wamego,552059,3201,http://www.bankflinthills.com,66547,
FNB Washington,The First National Bank of Washington,209559,3202,www.fnbwashington.com,66968,
First National Bank of Kansas,"First Bank, National Association",614256,3203,www.fnbofks.bank,66839,
Bank of Commerce and Trust Company,The National Bank of Commerce of Wellington,431350,3205,https://www.bankofcommerce.ws,67152,
"Intrust Bank, National Association",First National Bank in Wichita,557858,3208,http://www.intrustbank.com,67202,
Southwest National Bank,The Southwest National Bank of Wichita,499855,3210,www.southwestnb.com,67202,
"Shore United Bank, National Association",The Centreville National Bank of Maryland,933023,3222,shoreunitedbank.com,21601,
Security Bank Midwest,Security State Bank,435255,352,www.sbmidwest.bank,57066,
First United Bank & Trust,The First National Bank of Oakland,61122,3235,https://www.mybank.com,21550,
Bank of Evergreen,,560438,30,www.thebankofevergreen.com,36401,
Western Dakota Bank,Dewey County Bank,128258,354,www.westerndakotabank.com,57656,
Mountain Commerce Bank,Erwin National Bank,1016231,3275,www.mcb.com,37919,
Peoples Bank of the South,The Peoples National Bank of La Follette,277736,3288,www.peoplesbanksouth.com,37766,
The First National Bank of Middle Tennessee,The First National Bank of McMinnville,87234,3295,www.fnbmt.com,37110,
The First National Bank of Oneida,,966731,3300,www.fnboneida.com,37841,
BankStar Financial,Corn Exchange Bank,109453,357,https://www.ebankstar.bank,57026,
First Farmers & Commercial Bank,The First National Bank of Pikeville,702836,3302,www.ffandcb.com,37367,
First Citizens National Bank,First-Citizens National Bank of Dyersburg,133850,3314,http://www.firstcnb.com,38024,
First Horizon Bank,"First Tennessee Bank, National Association",485559,3319,www.firsthorizon.com,38103,
Trustmark Bank,Trustmark National Bank,342634,3327,www.trustmark.com,39201,
The Citizens National Bank of Meridian,,69333,3331,http://www.yourcnb.com,39301,
Community Spirit Bank,Bank of Red Bay,470032,31,www.communityspirit.bank,35582,
FNB Oxford Bank,The First National Bank of Oxford,590640,3341,www.fnboxford.com,38655,
First Choice Bank,The First National Bank of Pontotoc,968744,3342,https://www.firstchoice.bank,38863,
Farmers and Merchants State Bank,,601153,362,www.fmsbonline.com,57368,
Century Bank and Trust,Hickory National Bank of Michigan,694847,3345,www.centurybankandtrust.com,49036,
Citizens National Bank of Cheboygan,,773742,3347,www.cnbismybank.com,49721,
Southern Michigan Bank & Trust,Southern Michigan National Bank,822042,3348,www.smb-t.com,49036,
The Dart Bank,The Dart National Bank of Mason,47247,3359,www.dart.bank,48854,
Great Plains Bank,Eureka State Bank,589158,365,www.greatplainsbank.com,57437,
Superior National Bank,Superior National Bank & Trust Company,245557,3377,www.snb-t.com,49930,
First National Bank & Trust Co.,The First National Bank of Iron Mountain,251558,3380,www.fnbimk.com,49801,
Range Bank,"Range Bank, National Association",355559,3387,www.rangebank.com,49855,
The First National Bank of St. Ignace,,381950,3388,www.fnbsi.com,49781,
The First National Bank of Wakefield,,292850,3390,http://www.fnbwakefieldmi.com/,49968,
The First National Bank of Bagley,,392255,3399,www.fnbbagley.com,56621,
The First National Bank of Bemidji,,363657,3403,www.fnbbemidji.com,56601,
Star Bank,The First National Bank of Bertha-Verndale,715050,3404,www.star.bank,55358,
First Bank Blue Earth,The First National Bank of Blue Earth,147857,3406,www.firstbankblueearth.com,56013,
The Bank of Vernon,,382537,32,www.bankofvernon.bank,35592,
B2 Bank National Association,The First National Bank of Buhl,108652,3413,www.b2.bank,55792,
First Security Bank - Canby,National Bank of Canby,339353,3414,www.firstsecuritybanks.com,56220,
Western National Bank,The First National Bank of Cass Lake,278751,3417,www.wbcasslake.com,56633,
First National Bank,The First National Bank of Chisholm,371755,3419,www.fnbchisholm.com,55719,
The First National Bank of Cokato,,280558,3421,www.fnbcokato.com,55321,
Granite Bank,The First National Bank of Cold Spring,311256,3422,www.granitebank.com,56320,
The First National Bank of Coleraine,,311658,3423,www.colerainebank.com,55722,
Deerwood Bank,The First National Bank of Deerwood,314257,3427,deerwoodbank.com,56387,
Western National Bank,Western National Bank of Duluth,127055,3433,http://www.wbduluth.com,55807,
First Bank Elk River,The First National Bank of Elk River,970055,3437,www.elkriver.bank,55330,
The Miners National Bank of Eveleth,,43856,3441,http://www.mnbeveleth.com,55734,
The First National Bank of Fairfax,,938354,3442,http://www.fnbfx.com,55332,
"Wells Fargo Bank South Central, National Association","Norwest Bank Minnesota South, National Association",2362458,3446,www.wellsfargo.com,77007,
The First National Bank of Gilbert,,975452,3450,http://www.gilbertbank.com,55741,
The First National Bank of Henning,,23456,3457,www.mykindofbank.com,56571,
Bank Midwest,"Bank Midwest, Minnesota Iowa, National Association",45551,3464,bankmidwest.com,51360,
Global Innovations Bank,First State Bank of Kiester,1015458,3466,www.gibank.com,56051,
The First National Bank of Le Center,,986551,3471,www.fnblecenter.com,55046,
First Farmers & Merchants National Bank,The Luverne National Bank,917854,3476,www.ffmbank.com,56156,
Pioneer Bank,The First National Bank of Mapleton,920854,3483,WWW.BANKWITHPIONEER.COM,56065,
The First National Bank of McIntosh,,988256,3485,www.fnbmcintosh.com,56556,
COMMUNITY FIRST BANK,First National Bank of Menahga & Sebeka,923855,3486,www.communityfirstbankmn.com,56464,
The First National Bank of Milaca,,924357,3487,www.fnbmilaca.com,56353,
The Citizens Bank of Winfield,,293437,33,http://www.cbwinfield.com,35594,
The First National Bank of Moose Lake,,706058,3501,www.firstmooselake.com,55767,
Community Resource Bank,Community National Bank,813853,3506,www.crb.bank,55057,
The First National Bank of Osakis,,726458,3507,www.fnbosakis.com,56360,
The Citizens National Bank of Park Rapids,,877752,3509,www.cnbbank.com,56470,
Foresight Bank,The First National Bank of Plainview,755458,3514,www.foresight.bank,55964,
The First National Bank of Proctor,,731957,3515,www.proctorbank.com,55810,
First National Bank Minnesota,The First National Bank of Saint Peter,197759,3526,www.fnbmn.bank,56082,
Minnesota National Bank,The Merchants National Bank of Sauk Centre,799751,3527,www.mn-bank.bank,56378,
First Security Bank - Sleepy Eye,First Security State Bank,861658,3529,www.firstsecuritybanks.com,56085,
Farmers State Bank,,542854,377,www.farmersstatebankwyoming.com,82082,
First National Bank North,The First National Bank of Walker,805755,3540,www.fnbnorth.com,56484,
"Keen Bank, National Association",The First National Bank of Waseca,837354,3541,keen.bank,56093,
First Financial Bank in Winnebago,First National Bank in Winnebago,840354,3546,www.1stbago.com,56098,
"WNB FINANCIAL, N.A.",Winona National and Savings Bank,220059,3548,http://www.wnbfinancial.com,55987,
American Bank of Beaver Dam,The American National Bank of Beaver Dam,510648,3551,www.americanbankbd.com,53916,
The First National Bank and Trust Company,The First National Bank and Trust Company of Beloit,207845,3553,www.bankatfirstnational.com,53511,
Fortifi Bank,The First National Bank of Berlin,111942,3554,www.fortifibank.com,54923,
Central Bank and Trust,Lander State Bank,903950,378,www.centralbanktrust.com,82520,
PremierBank,Premier Bank,907547,3560,www.bankwithpremier.com,53538,
"Associated Bank, National Association","Associated Bank Green Bay, National Association",917742,3561,www.associatedbank.com,54301,
FORTE BANK,The First National Bank of Hartford,742944,3562,www.fortebankwi.com,53027,
"Bank First, N.A.",First National Bank in Manitowoc,594947,3569,www.bankfirst.com,54220,
The Stephenson National Bank and Trust,The Stephenson National Bank of Marinette,598048,3571,http://www.snbt.com,54143,
The Peshtigo National Bank,,257345,3582,www.pnbwi.com,54157,
WOODTRUST BANK,Wood County National Bank and Trust,833749,3599,www.woodtrust.com,54494,
Pillar Bank,The First Bank of Baldwin,143952,3600,www.pillar.bank,54002,
The First National Bank of Bangor,,627854,3601,fnbbangor.net,54614,
First National Community Bank,The First National Bank of New Richmond,23755,3615,www.fnc.bank,54017,
The First National Bank of River Falls,,956255,3619,http://www.fnbrf.com,54022,
West Plains Bank,The Commercial National Bank of Ainsworth,967952,3622,www.westplainsbk.com,69210,
Farmers and Merchants Bank of Ashland,The Farmers & Merchants National Bank of Ashland,398051,3627,www.fmnb.com,68003,
First Bank of Bancroft,The First National Bank of Bancroft,983055,3630,http://www.firstbancroft.com,68004,
First Community Bank,First National Bank,993250,3634,www.firstbeemer.com,68716,
Waypoint Bank,First Bank & Trust Company,244158,3641,www.waypointbank.com,69130,
City Bank & Trust Co.,The City National Bank of Crete,79855,3643,www.citybankandtrust.com,68516,
The Exchange Bank of Alabama,First State Bank of Altoona,672537,35,www.exba.com,35952,
F&M Bank,First National Bank and Trust Company,259059,3648,www.fmbankfc.bank,68355,
First Bank and Trust of Fullerton,First National Bank and Trust of Fullerton,266655,3652,http://www.fbtfullerton.com,68638,
Genoa Community Bank,The Genoa National Bank,2750,3654,www.genoacb.com,68640,
The First National Bank of Gordon,,3252,3656,https://www.fnbgordon.com,69343,
Security First Bank,"The Security Bank, Sidney",276850,3660,http://www.security1stbank.com,68516,
The First National Bank of Johnson,,563457,3667,www.fnbjohnson.com,68378,
Security Bank,Security National Bank,566056,3669,WWW.MYSECURITY.BANK,68745,
Legends West Bank,Bank of Lewellen,13457,3670,www.legendswest.bank,69147,
First Northeast Bank of Nebraska,The First National Bank of Lyons,208655,3675,http://www.fnb-ne.com,68038,
MNB BANK,The McCook National Bank,575759,3677,www.mnb.bank,69001,
First Bank and Trust Company,The First National Bank of Minden,114859,3681,www.firstofminden.com,68959,
Minden Exchange Bank & Trust Company,The Minden Exchange National Bank,456054,3682,www.mindenexchange.com,68959,
Platte Valley Bank,"Platte Valley National Bank - Morrill, Minatare, Lyman",580155,3684,www.pvbank.com,82240,
First National Bank of Omaha,The First National Bank of Omaha,527954,3692,www.fnbo.com,68102,
First National Bank in Ord,,850054,3698,www.fnbord.com,68862,
Citizens Bank & Trust Company,Citizens Bank & Trust Company in St. Paul,925055,3703,www.bankwithcitizens.com,68873,
Cattle Bank and Trust,The Cattle National Bank and Trust Company,529659,3706,WWW.CATTLEBANK.COM,68434,
JONES BANK,The Jones National Bank and Trust Company of Seward,469559,3707,www.jonesbank.com,68434,
Stanton State Bank,The Stanton National Bank,382256,3712,www.stantonstatebank.com,68779,
FirstBank of Nebraska,The First National Bank of Wahoo,540056,3718,www.firstbankne.com,68066,
State Nebraska Bank & Trust,The State National Bank & Trust Company,581358,3722,www.statenebank.com,68787,
Citizens State Bank,The Citizens National Bank of Wisner,482053,3726,www.citstatebank.com,68791,
Cornerstone Bank,The First National Bank of York,403151,3727,www.cornerstoneconnect.com,68467,
Frost  Bank,The Frost National Bank,682563,3739,www.frostbank.com,78205,
"Servbank, National Association","Allied First Bank,sb",2140348,119525,www.servbank.com,60543,
The City National Bank of San Saba,,714165,3747,www.cnbss.com,76877,
The First National Bank of Sonora,,591366,3759,www.sonorabank.com,76950,
The First National Bank of Stanton,,458665,3761,www.fnbstanton.com,79782,
The First National Bank of Sterling City,,411062,3763,www.thefnbsc.com,76951,
The City National Bank of Sulphur Springs,,596062,3767,www.bankatcnb.bank,75482,
The City National Bank of Taylor,,181963,3771,www.cnbt.bank,76574,
"Extraco Banks, National Association",First National Bank of Temple,537560,3773,www.extracobanks.com,76502,
The First National Bank of Tom Bean,,193162,3778,www.fnbtb.com,75489,
The First National Bank of Trinity,,479567,3780,www.fnbtrinity.com,75862,
First National Bank of Bosque County,First National Bank in Valley Mills,198961,3785,,76689,
Herring Bank,The Herring National Bank of Vernon,610164,3788,www.herringbank.com,79109,
The Waggoner National Bank of Vernon,,548267,3789,www.wnbvernon.com,76384,
Citizens National Bank of Texas,Citizens National Bank in Waxahachie,552161,3794,www.cnboftexas.com,75165,
First National Bank and Trust Company of Weatherford,The First National Bank of Weatherford,614368,3795,www.go2fbt.com,76086,
Fannin Bank,The First National Bank of Windom,377663,3804,www.fanninbank.com,75418,
The First National Bank of Winnsboro,,501767,3805,www.fnbwinnsboro.com,75494,
The Yoakum National Bank,,311265,3809,www.ynbtx.com,77995,
Troy Bank & Trust Company,,134437,3811,http://www.troybankandtrust.com,36081,
Union State Bank,,467733,3815,www.unionstate.net,35125,
Bank of Brewton,,351131,3816,www.bankofbrewton.com,36426,
Chambers Bank,Danville State Bank,517049,3823,http://www.chambers.bank,72833,
COMMUNITY STATE BANK,The Bank of Bradley,378044,3827,www.csbarkansas.com,71826,
Smackover State Bank,,676049,3830,http://www.smackoverbank.com,71762,
Bodcaw Bank,,942847,3831,www.bodcaw.bank,71860,
Logan County Bank,,932642,3837,logancountybank.net,72863,
First Security Bank,Security Bank,673440,3838,www.fsbank.com,72143,
Connect Bank,Bank of Star City,126049,3839,www.connectbank.us,71667,
CS Bank,Bank of Eureka Springs,514048,3840,www.cs.bank,72632,
Citizens Bank and Trust,The Citizens Bank of Frostproof,701839,3859,http://www.citizens-bank.com,33843,
Brannen Bank,The Bank of Inverness,760331,3862,www.brannenbanks.com,34450,
Southeastern Bank,The Darien Bank,210238,3870,www.southeasternbank.com,31305,
The Bank of Edison,,610539,3871,www.bankofedison.com,39846,
PrimeSouth Bank,The Blackshear Bank,1011638,3878,http://https://www.primesouth.com,31516,
Bank of Wrightsville,,176437,3883,WWW.BANKOFWRIGHTSVILLE.COM,31096,
The Bank of Clovis,,2948423,294967,www.bankofclovis.Bank,88101,
American Heritage Bank,,2960555,301127,www.ahbnm.com,88101,
Champion Bank,,2901558,334365,http://www.thechampionbank.com,80134,
Willamette Valley Bank,Valley Business Bank,2954497,334369,HTTPS://WWW.WVBK.COM,97301,
Nicolet National Bank,,2941068,334440,www.nicoletbank.com,54301,
Bank of Newington,,948531,3888,http://https://www.bankofnewington.com,30446,
"California Bank of Commerce, National Association",Ramona National Bank,3076453,340749,www.californiabankofcommerce.com,92130,
Celtic Bank,,2998576,356463,http://www.celticbank.com,84111,
PEOPLES BANK,,2939391,356558,http://www.peoplesbankar.com,72150,
Cornerstone National Bank & Trust Company,,2929392,356679,www.cnbtc.bank,60067,
Story Bank DBA Story Financial Partners,FIRST COMMERCIAL BANK,2948058,356788,www.firstcommercialbk.com,39211,
Georgia Banking Company,,3016347,356828,www.georgiabanking.com,30309,
Community Bank of Santa Maria,,2997216,356857,www.yourcbsm.com,93455,
bankcda,,3010363,356862,www.bankcda.bank,83814,
"Westfield Bank, FSB",,2986407,356925,www.westfield-bank.com,44251,
"Northbrook Bank and Trust Company, National Association",Northbrook Bank and Trust Company,2938198,356990,www.northbrookbank.com,60062,
Emigrant Bank,Plus International Bank,137915,356991,www.emigrant.com,33131,
The Farmers Bank,,11837,3891,www.farmbk.com,30642,
Traditions First Bank,,2963864,357250,http://www.traditionsfirst.com,37061,
Northwestern Mutual Wealth Management,Northwestern Mutual Trust Co.,3017081,357285,www.northwesternmutual.com,53202,
Dogwood State Bank,Sound Banking Company,3047659,357477,www.dogwoodstatebank.com,27609,
Northstar Bank,,2958972,357498,WWW.NORTHSTARATHOME.COM,48413,
Mission Valley Bank,MISSION VALLEY BANK,3039636,357688,www.missionvalleybank.com,91352,
"Schaumburg Bank & Trust Company, National Association",Advantage National Bank,2970657,357824,www.bankschaumburg.com,60173,
Everence Trust Company,MMA Trust Company,3029253,357931,www.everence.com,46528,
"First Century Bank, National Association",The National Bank of Gainesville,2997748,358075,www.myfirstcenturybank.com,30529,
First Community Bank of Central Alabama,,3034257,358137,http://www.fcbca.com,36092,
Guardian Bank,,2989006,358181,https://www.guardian.bank,31602,
Community Federal Savings Bank,,3040418,358263,www.cfsb.com,11421,
"Leader Bank, National Association",,3109146,358427,www.leaderbank.com/,02474,
Mission Bank,MISSION BANK,2963275,358471,http://missionbankaz.com,86401,
Community Bank of Missouri,,3005097,358515,https://www.communitybankmissouri.com,64085,
Farmers and Merchants Bank,,763930,3897,www.fmb.net,31635,
National Advisors Trust Company,"National Advisors Trust Company, FSB",2809373,358728,www.NationalAdvisors.com,66211,
Commerce West Bank,"CommerceWest Bank,  N.A.",3052813,359010,www.cwbk.com,92614,
The Freedom Bank of Virginia,,3019982,359093,freedom.bank,22030,
Gogebic Range Bank,,3025929,359381,gogebicrangebank.com,49938,
BNC National Bank,BNC National Bank of Arizona,2358769,359425,www.bncbank.com,85308,
Barclays Bank Delaware,Juniper Bank,2980209,359447,www.barclaysus.com/deposits,19801,
Philo Exchange Bank,,667346,3900,www.philobank.com,61864,
Embassy Bank for the Lehigh Valley,,3068579,359764,www.embassybank.com,18017,
Douglas National Bank,,3049635,359847,http://www.dnbdouglas.com,31533,
Cedar Rapids Bank and Trust Company,,3029589,359966,www.CRBT.bank,52401,
Cornerstone Bank,,3027763,360127,WWW.CORNERSTONEBK.COM,66221,
Citizens Community Federal National Association,Citizens Community Federal,962890,360330,www.ccf.us,54720,
"Signature Bank, National Association",,3076604,360418,www.signaturebankna.com,43623,
First Commerce Bank,"First Commerce Bank, National Association",3041358,360535,www.bankfirstcommerce.com,66508,
FlatIrons Bank,,3022610,360600,www.flatirons.bank,80302,
AMG National Trust Bank,"AMG/Guaranty Trust, National Association",3015939,360726,www.amgnational.com,80302,
1st Bank Yuma,,3048487,360755,www.1stbankyuma.com,85364,
State Bank of St. Jacob,,362940,3905,http://www.statebankofstjacob.com,62281,
"United Community Bank of West Kentucky, Inc.",,3070545,360799,www.ucbwest.com,42437,
Stifel Bank and Trust,FirstService Bank,3076248,361248,www.stifelbank.com,63102,
Town & Country Bank,,3067929,361252,www.tcbanknv.bank,89147,
Farmers Bank,,3020447,362098,www.farmersbank-weld.com,80610,
Drake Bank,,3090833,362102,www.drake-bank.com,55107,
SouthEast Bank,SouthEast Bank & Trust,3110197,362261,www.southeastbank.com,37934,
Stifel Bank,The Business Bank of Saint Louis,3076220,362429,www.stifelbankstl.com,63102,
American Eagle Bank,,3116519,362437,www.americaneaglebank.com,60177,
Cheyenne State Bank,,3032833,362542,http://www.cheyennestatebank.com,82001,
Bankwell Bank,The Bank of New Canaan,3109043,362641,www.mybankwell.com,06840,
U. S. Century Bank,,3146150,362653,www.uscentury.com,33172,
Oregon Coast Bank,,3125557,362753,www.oregoncoastbank.com,97365,
Independence Bank,,3180136,362883,www.independence-bank.com,02818,
United Bank & Trust Co.,United Bank & Trust National Association,3103591,363051,www.bankubt.com,50158,
Bank of Lincoln County,,3128923,363130,http://www.bolconline.com,37334,
"Optum Bank, Inc.","Exante Bank, Inc.",3202702,363231,www.optumbank.com,84020,
Worthington Bank,Worthington National Bank,3150205,363318,www.worthington.bank,76010,
"Forcht Bank, National Association",First National Bank of Lexington,3141726,363357,www.forchtbank.com,40509,
Patriot Bank,,3120646,363408,www.patriot-bank.com,38053,
Commercial Bank of California,,3189063,363419,http://www.cbcal.com,92612,
Highlands Community Bank,,3125315,363478,www.hc.bank,24426,
Sanibel Captiva Community Bank,,3122994,363517,http://www.sancapbank.com,33957,
Commerce Bank & Trust,Commerce National Bank & Trust,3148613,363538,www.cbt-fl.com,32789,
"State Bank of the Lakes, National Association",State Bank of the Lakes,595430,3917,www.sbotl.com,60002,
American Continental Bank,Continental Bank of America,3216316,363724,http://www.americancontinentalbank.com,91748,
Medallion Bank,,3228908,363796,www.medallionbank.com,84121,
"Charles Schwab Bank, SSB","Charles Schwab Bank, National Association",3150447,363798,www.schwabbank.com,76262,
Sound Community Bank,,429487,363806,http://www.soundcb.com,98121,
PCB Bank,Pacific City Bank,3212402,363895,https://www.mypcbbank.com,90010,
First Commerce Bank,,3153297,363918,www.firstcommercebank.net,37091,
Community Bank Owatonna,,3139321,363965,WWW.CBOWATONNA.COM,55060,
Members Trust Company,,3219269,363982,www.memberstrust.com,33637,
Citizens Bank & Trust,,3174920,364141,http://www.citizensbanktrust.com,35976,
Metropolitan Capital Bank & Trust,Metropolitan Capital Bank,3153233,364227,http://www.metcapbank.com,60611,
Foresight Bank,German-American State Bank,556936,3921,www.ffgbank.com,61088,
Bank of Commerce,,3134698,364270,www.bocokonline.com,73533,
PrimeBank of Texas,Capital Bank of Texas,3134399,364331,https://www.prime.bank,78746,
Pathfinder Bank,Pathfinder Commercial Bank,729310,364350,http://www.PATHFINDERBANK.com,13126,
Liberty National Bank,,3140822,364412,www.libertynational.bank,51106,
Avidbank,The Private Bank of the Peninsula,3214059,364542,www.avidbank.com,95112,
Community First Bank of Indiana,Community First Bank of Howard County,3165357,364552,www.cfbindiana.com,46901,
Western Alliance Bank,Alliance Bank of Arizona,3138146,364554,www.westernalliancebancorporation.com,85004,
Tolleson Private Bank,,3166699,364830,www.tollesonwealth.com,75205,
Fidelity Bank,Thomson State Bank,597041,3925,www.fidelity-bank.com,61074,
The Hometown Bank of Alabama,,3217331,365306,www.HomeTownBankAlabama.com,35121,
Toyota Financial Savings Bank,,3287660,365430,www.toyotabank.com,89074,
"Trinity Bank, N.A.",,3185896,365431,http://WWW.TRINITYBK.COM,76107,
Heritage Bank,,3120897,365454,www.heritagebankonline.com,66614,
Traditions Bank,,3194692,365489,www.traditionsal.com,35055,
UBS Bank USA,,3212149,365628,http://www.ubs.com/cefs/en/ubs-bank-usa/ubs-bank-usa.html,84111,
PeoplesTrust Bank,,3282012,365644,www.peoplestrustbk.com,35570,
Comenity Capital Bank,World Financial Capital Bank,3224580,365652,Savings.Breadfinancial.com,84020,
Continental Bank,,3220863,365653,http://www.cbankus.com,84101,
Heritage Bank of the Ozarks,,3199811,365828,http://www.heritagebankozarks.com,65536,
Community Bank of Georgia,,3213333,365884,www.communitybankga.com,31513,
Golden State Bank,Golden State Business Bank,3224375,366070,www.goldenstatebank.com,91203,
Integrity Bank & Trust,Integrity Bank and Trust,3160978,366145,www.integritybankandtrust.com,80132,
West Coast Community Bank,Santa Cruz County Bank,3235410,366199,www.wccb.com,95060,
Mainstreet Community Bank of Florida,,3217957,366287,www.bankonmainstreet.com,32720,
Falcon National Bank,,3184228,366359,www.falconnational.com,56329,
First Western Trust Bank,,3158546,418417,www.myfw.com,80202,
Redwood Capital Bank,,3247589,418420,http://www.rdwo.com,95501,
Forbright Bank,Congressional Bank,3187630,418493,WWW.FORBRIGHTBANK.COM,20854,
Clarion County Community Bank,CNB Community Bank,3185579,418695,http://www.clarionbank.com,16214,
1st State Bank,,3223305,418761,www.1ststate.bank,48604,
Homeland Community Bank,,3223408,418823,http://www.homelandcb.com,37110,
1st Security Bank of Washington,,1018927,418874,WWW.FSBWA.com,98043,
Bank of Walker County,,3254297,418989,www.bankofwalkercounty.bank,35501,
Gateway Bank,,3223417,419003,www.gateway.bank,55118,
Heritage Community Bank,,3224478,419210,www.hcbonline.us,37745,
Empire State Bank,"Empire State Bank, National Association",3277241,419378,http://www.esbna.com,10314,
The Fountain Trust Company,,145844,3935,http://www.fountaintrust.com,47932,
CedarStone Bank,,3262788,419627,www.cedarstonebank.com,37087,
"American Commerce Bank, National Association",Peoples Community National Bank,3272956,419715,www.americancommercebank.com,30110,
First National Bank of Decatur County,,3232370,419971,http://www.fnbdc.com,39819,
"Beverly Bank & Trust Company, National Association",,3216017,420280,www.thebeverlybank.com,60643,
"T Bank, National Association",,3284445,420285,http://www.tbank.com,75248,
Summit Bank,,3243282,422240,https://sbko.bank,97401,
Greene County Commercial Bank,,3268249,422514,www.tbogc.com,12414,
United Business Bank,Bay Commercial Bank,3281510,422931,http://www.unitedbusinessbank.com,94596,
Pacific Valley Bank,,3293540,423295,www.pacificvalleybank.com,93901,
First Southwest Bank,,3224302,423296,www.fswb.bank,81101,
MainStreet Bank,,3248849,423301,www.mstreetbank.com,22030,
Providence Bank & Trust,"Providence Bank, LLC",3280625,423445,www.providence.bank,60473,
Coastal States Bank,CoastalStates Bank,3274709,423465,www.coastalstatesbank.com,29928,
Meridian Bank,,3271799,424306,www.meridianbanker.com,19087,
Nantahala Bank & Trust Company,,3285778,424604,www.nantahalabank.com,28734,
Lakeview Bank,Lakeview  Bank,3253834,424611,www.lakeview.bank,55044,
The Peoples Bank,BROWNSTOWN LOAN AND TRUST CO.,7045,3941,http://www.banktpb.com,47220,
Ally Bank,GMAC Bank,3284070,425730,www.ally.com,84070,
Quontic Bank,Golden First Bank,3340725,425750,http://www.quontic.com,11106,
Sterling Bank,,3284490,426538,www.sterbank.bank,63901,
Banesco USA,BBU Bank,3402913,426556,Banescousa.com,33122,
Truxton Trust Company,Nashville Bank and Trust Company,3290240,426769,www.truxtontrust.com,37215,
Beal Bank USA,Beal Savings Bank,3284397,427137,www.bealbankUSA.com,89134,
Emigrant Mercantile Bank,Emigrant Bank,3268173,427703,,10017,
Valliance Bank,"Valliance Bank, National Association",3267738,428019,www.valliance.bank,73118,
Timberline Bank,,3271986,428171,www.timberlinebank.com,81505,
Spencer County Bank,THE LAKE STATE BANK,871648,3947,www.spencercountybank.com,47579,
United Citizens Bank of Southern Kentucky,,3306598,428531,www.ucbsky.com,42728,
"1st Trust Bank, Inc.",,3309393,428536,www.1tbi.com,41701,
Pacific West Bank,,3303944,428709,www.pacificwestbank.com,97068,
Commonwealth Business Bank,,3337097,428711,www.cbb-bank.com,90010,
Paragon Bank,Paragon National Bank,3288452,428718,http://www.bankparagon.com,38119,
Legacy State Bank,,3340903,429271,http://www.legacystatebank.com,30052,
Paramount Bank,Superior Bank,3308574,429282,www.paramountbank.com,63042,
"HSBC Bank USA, National Association",,413208,429342,https://www.about.us.hsbc.com/hsbc-in-the-usa,22102,
SouthernTrust Bank,,3316739,429670,www.southerntrustbank.com,62959,
1st Advantage Bank,Advantage Bank,3317192,429739,www.1stadvantagebank.com,63376,
One World Bank,,3296859,429798,www.oneworldbank.com,75229,
Poppy Bank,First Community Bank,3232204,429969,http://www.poppy.bank,95404,
First State Bank,,854847,3952,http://WWW.FSBBELMOND.COM,50421,
First State Bank,,3285246,430301,WWW.FSB-NASHUA.COM,50658,
Bank of Grand Lake,"The Bank of Grove, F.S.B",3286999,430629,www.bankofgrandlake.com,74344,
ConnectOne Bank,North Jersey Community Bank,3317932,431394,www.connectonebank.com,07632,
Breda Savings Bank,The Breda Savings Bank,856542,3953,http://www.bredasavingsbank.com,51436,
Prime Alliance Bank,,3309571,431414,www.primealliance.bank,84010,
Harmony Bank,Texas Brand Bank,3297490,431421,www.harmony.bank,75204,
Peach State Bank & Trust,,3348468,431466,www.peachstate.bank,30501,
Anchor Bank,Anchor Commercial Bank,3342671,431755,http://https://www.anchorbank.com,33418,
Valley Bank of Nevada,Bank of North Las Vegas,3370357,431782,www.valleybanknv.com,89031,
Open Bank,First Standard Bank,3357219,432260,www.myopenbank.com,90017,
Bank of Bozeman,,3308529,432445,www.bankofbozeman.com,59718,
Legacy National Bank,,3306280,432578,www.legacyar.com,72762,
"Citizens Bank, National Association","Citizens Bank, N.A.",3303298,432614,www.citizensbank.com,02903,
Earlham Savings Bank,,645540,3957,www.earlhambank.com,50266,
First Resource Bank,,3349241,432803,www.firstresourcebank.com,19341,
Primis Bank,"Sonabank, National Association",3325759,432804,www.primisbank.com,22560,
Farmers State Bank,,537243,3958,www.fsbbanks.com,50459,
"California International Bank, N.A.",Saigon National Bank,3394380,432852,www.cali.bank,92683,
SAVIBANK,Business Bank of Skagit County,3346268,433008,www.savibank.com,98233,
Huron Valley State Bank,,3358270,433198,www.hvsb.com,48381,
ServisFirst Bank,,3348888,433262,WWW.SERVISFIRSTBANK.COM,35209,
Bryant Bank,,3356191,433412,www.bryantbank.com,35406,
United Bank,The Bank of Atmore,994435,39,http://www.unitedbank.com,36502,
"American Bank, National Association",First Trust & Savings Bank,345345,3961,www.am-bank.com,51031,
Freedom Bank,,3314119,433600,www.freedombankmt.com,59912,
Two Rivers Bank & Trust,Two Rivers Bank and Trust,3320781,433860,www.tworivers.bank,52601,
St. Louis Bank,,3354599,433889,www.stlouisbank.com,63124,
Verus Bank of Commerce,Fort Collins Commerce Bank,3322468,434069,www.verusboc.com,80525,
Sunrise Bank,,3370133,434099,www.Sunrise.Bank,32801,
Paradise Bank,,3368635,434100,www.Paradise.Bank,33431,
California Business Bank,,3390337,436956,http://www.californiabusinessbank.com,92602,
First Resource Bank,,3314043,436973,www.myfrbank.com,55014,
"Eclipse Bank, Inc.",,3347603,437273,www.eclipsebank.com,40245,
First Commerce Bank,Northern State Bank,3404373,437827,http://www.firstcommercebk.com,08701,
Tradition Capital Bank,,3344321,437897,WWW.TRADITION.BANK,55391,
First General Bank,,3386264,437941,http://www.firstgeneralbank.com,91748,
VisionBank,Vision Bank,3357077,438758,www.bankwithvision.com,55416,
Bank of San Francisco,,3357385,438784,www.bankbsf.com,94104,
Flint Community Bank,,3341393,438888,http://www.flint.bank,31721,
Putnam 1st Mercantile Bank,Putnam 1st Mercantile bank,3393851,439302,www.1stmerc.net,38501,
Austin Capital Bank SSB,Libertad Bank SSB,3347911,439321,www.austincapitalbank.com,78757,
SouthPoint Bank,,3386536,439443,http://www.southpoint.bank,35243,
FFB Bank,Fresno First Bank,3398623,439445,www.FFB.bank,93711,
Idaho First Bank,,3384952,439648,http://www.idahofirstbank.com,83638,
Signature Bank of Georgia,,3390627,439724,www.signaturebankga.com,30328,
Riverland Bank,,3374234,439881,www.riverlandbank.com,55352,
NobleBank & Trust,"Noble Bank & Trust, N.A.",3385744,439956,www.noblebank.com,36201,
Flagship Bank,Flagship Community Bank,3404999,439972,http://www.flagshipbank.com,33761,
Bank of Belleville,,3374403,439975,www.bankofbelleville.com,62220,
Oakstar Bank,"OakStar Bank, National Association",3374412,439984,www.oakstarbank.com,65807,
Triad Bank,,3374382,440110,www.triadbanking.com,63131,
Audubon State Bank,,760649,3973,www.audubonstatebank.com,50025,
"Esquire Bank, National Association",Esquire Bank,3447820,440444,www.esquirebank.com,11753,
Milestone Bank,LCA Bank Corporation,3407084,440523,www.milestonebank.com,84101,
"SmartBiz Bank, National Association","CenTrust Bank, National Association",3377235,440820,www.SmartBizBank.com,60062,
"Bank of Lexington, Inc.",,3410141,441082,www.bankoflexington.net,40503,
Belmont Bank & Trust Company,,3391718,441083,WWW.BELMONTBANK.COM,60634,
Hardin County Savings Bank,Citizens Savings Bank,647245,3975,www.hardincsb.com,50627,
Sallie Mae Bank,,3394278,441368,www.salliemae.com,84101,
Metro City Bank,,3437456,441400,www.metrocitybank.bank,30340,
Merchants Commercial Bank,,3487433,441417,http://www.merchantscommercial.bank,00802,
"HSBC Trust Company (Delaware), National Association",,3357620,441491,http://www.hsbc.com,19801,
State Central Bank,The State Central Savings Bank,808345,3978,www.statecentralbank.com,52620,
First Vision Bank of Tennessee,,3350658,441943,www.fvb.bank,37388,
NewBank,,3472859,441975,http://www.newbankusa.com,11354,
First Freedom Bank,,3437148,442225,www.firstfreedombank.com,37087,
First State Bank,,677448,3979,www.fsbankia.com,50153,
Bridgewater Bank,,3378773,442260,www.bridgewaterbankmn.com,55416,
Town Center Bank,,3459216,442525,www.towncenterbank.net,60423,
BMO Harris Central National Association,Harris Central National Association,3353154,442541,www.bmo.com,60172,
First Pacific Bank,Friendly Hills Bank,3470930,442623,www.firstpacbank.com,90603,
Heritage Bank & Trust,,3429219,442944,www.heritagebankandtrust.com,38401,
Column National Association,Northern California National Bank,3435948,443120,https://column.com/,95926,
b1BANK,Business First Bank,3408728,443550,www.b1bank.com,70801,
First Missouri State Bank of Cape County,,3383665,443931,FirstMissouri.Bank,63703,
Pacific Alliance Bank,,3546862,443971,www.pacificalliancebank.com,91776,
Providence Bank,,3404506,444132,www.pbknc.com,27804,
John Marshall Bank,Security One Bank,3419416,444356,www.johnmarshallbank.com,20190,
River Bank & Trust,,3437157,444616,http://www.riverbankandtrust.com,36066,
DR Bank,Darien Rowayton Bank,3428258,444636,www.drbank.com,06820,
First National Bank of Michigan,,3404467,444648,www.fnbmichigan.bank,49007,
Landmark National Bank,"The Security State Bank, Auburn, Kansas",481177,3984,www.banklandmark.com,66502,
Global Bank,,3561771,444901,http://www.globalbankny.com,10038,
Signature Bank,,3437483,444903,www.signaturebank.bank,60018,
River Valley Community Bank,,3451050,445235,www.myrvcb.com,95993,
Golden Valley Bank,,3440803,445242,www.goldenvalley.bank,95926,
American Riviera Bank,,3388482,445289,www.americanriviera.bank,93101,
Eagle Bank,,3346633,445290,www.eaglebankmt.com,59860,
River City Bank,,3445901,445530,www.rivercity.bank,30165,
CalPrivate Bank,Embarcadero Bank,3545258,445582,www.calprivate.bank,92037,
Pinnacle Bank,,3455227,445670,http://www.pinnacle.bank,95020,
Citizens State Bank and Trust Company,Citizens State Bank,678557,3987,www.csbkansas.com,66434,
Table Rock Community Bank,,3446225,445678,www.trcbank.com,65686,
"Ameriprise Bank, FSB",Ameriprise National Trust Bank,3470239,445715,www.ameriprise.com,55402,
The First Bank of Greenwich,The Bank of Greenwich,3466988,445891,http://www.greenwichfirst.com,06807,
American Momentum Bank,,3447576,445958,www.americanmomentum.bank,77845,
US Metro Bank,,3470154,445960,http://WWW.USMETROBANK.COM,92844,
Community Bank Delaware,,3446784,445981,www.communitybankdelaware.com,19958,
"Old Plank Trail Community Bank, National Association",,3404207,445996,www.oldplanktrailbank.com,60451,
"Investar Bank, National Association",Investar Bank,3449066,446069,http://www.investarbank.com,70808,
RiverBank,,3438958,446105,http://www.riverbankonline.com,99202,
Lone Star Bank,,3448162,446143,www.lsbtexas.com,77063,
Mountain Pacific Bank,,3459207,446332,www.mp.bank,98201,
Millennium Bank,,3547896,446858,www.milbnk.com,60016,
The First State Bank,,394259,3990,www.thefsb.bank,67654,
Southern Independent Bank,,3531176,447334,http://www.southernindependentbank.com,36467,
United Republic Bank,,3387140,447358,www.unitedrepublic.bank,68022,
Hyperion Bank,,3517590,447993,www.hyperionbank.com,19123,
Central Bank,,3468450,448948,www.centralbankfl.com,33647,
Farmers State Bank,,131717,3992,www.farmersstatebankky.com,41314,
Jonah Bank of Wyoming,,3412417,450621,www.jonah.bank,82601,
Mega Bank,,3690635,450814,https://www.megabankusa.com,91776,
"Goldwater Bank, N.A.",,3592047,450910,goldwaterbank.com,85016,
UniBank,,3487947,450912,www.unibankusa.com,98036,
Cross River Bank,,3783313,451130,http://www.crossriverbank.com,07024,
Embassy National Bank,,3482045,451152,www.embassynationalbank.com,30043,
Community Bank of Pleasant Hill,,3448425,451412,www.cbphonline.net,64080,
Alma Bank,,3633173,451431,www.almabank.com,11102,
West Valley National Bank,,3480069,451436,www.wvnb.net,85395,
Lewis & Clark Bank,,3489071,451438,www.lewisandclarkbank.com,97045,
"Waterford Bank, N.A.",,3588424,451642,www.waterfordbankna.com,43617,
First Security Bank of Nevada,,3555248,451798,https://www.fsbnv.com,89148,
Commencement Bank,,3537897,451921,www.commencementbank.com,98402,
"Texas Advantage Community Bank, National Association",,3485215,452049,WWW.TEXASADVANTAGECOMMUNITYBANK.COM,77511,
TriState Capital Bank,Tristate Capital Bank,3475083,452197,http://www.tscbank.com,15219,
SmartBank,,3532641,452366,http://www.smartbank.com,37863,
"American Plus Bank, N.A.",,3623110,452546,www.bankaplus.com,91007,
"Peoples Bank, Mt. Washington",The Peoples Bank,271341,3997,www.peoplesbankmtw.com,40047,
Hometown Bank of Pennsylvania,,3594087,452601,hometownbankpa.com,15522,
Bank of Central Florida,,3588312,453573,www.bankofcentralflorida.com,33813,
First Bank,,3401970,453788,www.myfirstbank.com,08690,
Bank of Montana,,3470097,453802,www.bankofmontana.com,59802,
Pegasus Bank,,3465392,453843,www.pegasusbankdallas.com,75209,
Austin County State Bank,,3463875,453846,www.acsbank.com,77418,
FineMark National Bank & Trust,,3547131,453865,www.finemarkbank.com,33919,
Beneficial State Bank,beneficial state bank,3608751,453951,www.beneficialstatebank.com,94612,
Community Valley Bank,,3637706,454577,www.yourcvb.com,92243,
Old Dominion National Bank,,3610718,454795,https://www.odnb.bank,22959,
First FarmBank,,3411773,454911,www.firstfarmbank.com,80634,
Frontier Bank of Texas,,3472046,454915,www.frontierbankoftexas.com,78621,
Platinum Bank,,3538009,455065,www.platinumbankmn.com,55128,
The Bank of Princeton,,3595271,455079,WWW.THEBANKOFPRINCETON.COM,08540,
The Community Bank,,3479018,455113,www.onlinewithtcb.com,76426,
Solera National Bank,,3397233,455610,www.solerabank.com,80226,
Think Mutual Bank,,936583,455636,www.thinkbank.com,55901,
BankFlorida,FirstCity Bank of Commerce,3629484,455691,www.bankflorida.com,33525,
"South Central Bank,  Inc.",Park City State Bank,473042,4000,www.southcentralbank.com,42141,
Gold Coast Bank,,3593307,456223,www.goldcoastbank.net,60610,
Select Bank,,3567269,456799,myselectbank.com,24551,
Flushing Bank,Flushing Commercial Bank,959304,456804,www.flushingbank.com,11556,
Texas Partners Bank,The Bank of San Antonio,3548567,457322,www.texaspartners.bank,78213,
American Pride Bank,,3671997,457427,www.americanpridebank.com,31204,
Turtle Mountain State Bank,,3626184,457433,http://www.tmstatebank.com,58316,
Partners Bank of California,,3655933,457436,www.partnersbankca.com,92691,
Nano Banc,Commerce Bank of Temecula Valley,3635029,457503,www.nanobanc.com,92618,
"Chain Bridge Bank, National Association",,3597211,457576,www.chainbridgebank.com,22101,
Carter Bank & Trust,,3476192,457578,www.carterbank.com,24112,
PeopleFirst Bank,,3548763,457630,www.peoplefirstbank.com,60435,
Reliance Bank,,3596250,458046,https://www.reliancebankmn.com,55021,
The Victory Bank,,3603961,458392,www.victorybank.com,19468,
MRV Banks,,3482111,458816,http://www.mrvbanks.com,63670,
GBank,Bank of George,3636446,459449,http://www.g.bank,89148,
Stellar Bank,Allegiance Bank Texas,3579589,460060,www.stellar.bank,77040,
First Cahawba Bank,,3633016,460562,www.firstcahawba.com,36701,
First Colony Bank of Florida,,3688548,461032,www.firstcolonybank.net,32751,
First Foundation Bank,,3637685,461041,http://www.firstfoundationinc.com,92612,
PromiseOne Bank,NOA Bank,3832127,461767,http://www.promiseone.bank,30096,
"Locus Bank, Inc.",Community Capital Bank of Virginia,3626858,461847,locusimpact.org,23294,
Live Oak Banking Company,,3650808,462249,www.liveoak.bank,28403,
Spring Bank,CheckSpring Bank,3368925,462320,www.spring.bank,10452,
Bank of Ocean City,,147923,4008,www.bankofoceancity.com,21842,
Hanover Community Bank,,3793714,462666,www.hanoverbank.com,11040,
Gateway Commercial Bank,,3667132,462762,www.gcbaz.com,85212,
Great Nations Bank,,3599804,462768,www.greatnationsbank.com,73071,
Touchmark National Bank,,3645840,462873,www.touchmarknb.com,30005,
South Atlantic Bank,,3637247,463026,SouthAtlantic.bank,29577,
BlueHarbor Bank,,3636914,463040,http://www.blueharborbank.com,28117,
Intracoastal Bank,,3786435,463041,www.intracoastal.bank,32137,
Prime Meridian Bank,,3690701,463049,https://www.primemeridianbank.com,32312,
FVCbank,First Virginia Community Bank,3614976,463069,https://www.fvcbank.com,22030,
Freedom Bank,,3729124,463480,http://www.freedombanknj.com,07607,
Third Coast Bank,"Third Coast Bank, SSB",3630323,463605,www.thirdcoast.bank,77338,
Meadows Bank,,3719648,464043,http://www.meadowsbank.bank,89148,
"Black Hills Community Bank, N.A.",,3636428,464156,http://www.BHCBANK.COM,57701,
Nebraska Bank of Commerce,Community Bank of Lincoln,3614846,464159,www.thenbcbank.com,68516,
Access Bank,,3614837,464256,WWW.ACCESSBANK.COM,68114,
Woodsboro Bank,"The Woodsboro Savings Bank of Frederick County, Maryland",406022,4011,http://www.woodsborobank.com,21798,
Community State Bank,,3617856,465259,http://www.csb-lamar.com,81052,
Texas Security Bank,,3619216,465546,https://texassecuritybank.com,75207,
"Calvin B. Taylor Banking Company of Berlin, Maryland","CALVIN B. TAYLOR BANKING COMPANY OF BERLIN, MARYLAND",39327,4012,www.taylorbank.com,21811,
Fieldpoint Private Bank & Trust,,3664588,465625,www.fieldpointprivate.com,06831,
"First New Mexico Bank, Las Cruces",,3623969,465819,www.firstnewmexicobanklc.com,88011,
Northwest Bank,Western Capital Bank,3678857,466688,northwest-bank.com,83702,
The MINT National Bank,,3821626,467437,www.themint.bank,77339,
Guadalupe Bank,Guadalupe National Bank,3635551,467484,www.guadalupebank.com,78028,
Liberty Bank,LIBERTY BANK OF WASHINGTON,3943210,467762,www.libertybanknw.com,98370,
Spring Bank,,3721605,467781,www.springbankwi.bank,53005,
Oakworth Capital Bank,,3720608,467896,www.oakworth.com,35209,
Grand River Bank,,3812147,468282,www.grandriverbank.com,49418,
Parkside Financial Bank & Trust,,3688043,468552,www.pfbt.com,63105,
Manufacturers and Traders Trust Company,,501105,400,www.mtb.com,14203,
GenuBank,Kirkwood Bank of Nevada,3720336,468841,www.genubank.com,89113,
One Florida Bank,One South Bank,3807880,468987,WWW.ONEFLORIDABANK.COM,32806,
Royal Business Bank,,3835454,469176,www.royalbusinessbankusa.com,90017,
Redstone Bank,,3591004,469584,www.redstone.bank,80016,
Oak View National Bank,,3816190,469625,WWW.OAKVIEWBANK.COM,20186,
The Farmers Bank of Willards,,105026,4017,www.fbwbank.com,21874,
Liberty Capital Bank,,3690121,470379,libertycapital.bank,75001,
"New Horizon Bank, National Association",,3816154,470809,www.newhorizonbank.com,23139,
CornerStone Bank,"CornerStone Bank, National Association",3816163,470827,www.cornerstonebankva.com,24450,
Coastal Carolina National Bank,,3821822,471490,WWW.MYCCNB.COM,29577,
Guaranty Bank,Springfield First Community Bank,3804535,474394,www.gbankmo.com,65804,
Kalamazoo County State Bank,The Kalamazoo County State Bank of Schoolcraft,644141,4018,www.kcsbank.com,49087,
R Bank,,3821037,480906,www.r.bank,78665,
New Haven Bank,Start Community Bank,3843392,481671,www.newhavenbank.com,06511,
Lakeside Bank,,4165907,483420,https://mylksb.bank,70605,
"BankUnited, National Association",BankUnited,3938186,489492,www.BankUnited.com,33016,
BankOkolona,Bank of Okolona,919344,4023,www.bankokolona.com,38860,
BankPlus,Citizens Bank & Trust Company,121642,4024,http://www.bankplus.net,39038,
"Stifel Trust Company Delaware, National Association","BARCLAYS WEALTH TRUSTEES (U.S.) , NATIONAL ASSOCIATION",4125778,508430,,19807,
NBH Bank,"Bank Midwest, National Association",4210227,512626,www.nbhbank.com,80111,
First Bank,Southwest Mississippi Bank,875936,4026,www.firstbankms.com,39648,
HarborOne Bank,,40499,530022,www.harborone.com,02301,
Bank of Bird-in-Hand,,4536084,535568,www.bihbank.com,17505,
Primary Bank,,4845861,560705,www.primarybanknh.com,03110,
International Bank of Commerce,,5050028,575595,www.ibc.com,73112,
Infinity Bank,,5193989,580221,www.infinity.bank,92707,
Endeavor Bank,,5192496,580841,www.endeavor.bank,92101,
Winter Park National Bank,,5143788,584940,www.wpnb.bank,32789,
Beacon Community Bank,,5136959,589084,www.beacon.bank,29466,
Charles Schwab Trust Bank,,5278251,589496,,76262,
Studio Bank,,5205819,591900,www.studiobank.com,37203,
"Grasshopper Bank, N.A.",,5210989,591959,www.grasshopper.bank,10016,
CommerceOne Bank,,5227101,593146,www.commerceonebank.com,35203,
Lexicon Bank,,5412457,594335,www.lexiconbank.com,89145,
Mi Bank,,5332603,596262,www.mi.bank,48301,
Gulfside Bank,,5303724,596314,www.gulfsidebank.com,34236,
New Valley Bank & Trust,,5316920,596800,www.banknewvalley.com,01144,
Ohio State Bank,,5312593,597057,www.bankatosb.com,43209,
Watermark Bank,,5313312,597365,watermark.bank,73116,
Generations Commercial Bank,,5336928,597898,www.mygenbank.com,13148,
Piermont Bank,,5342974,603217,www.piermontbank.com,10018,
American Bank of the Carolinas,American Bank & Trust,5230790,604027,www.abc-nc.com,28112,
The Millyard Bank,,5448915,607286,www.millyardbank.com,03062,
"Square Financial Services, Inc.",,5582846,607641,www.squareup.com/us/en/banking,84121,
Tandem Bank,,5401273,607789,www.tandem.bank,30084,
Gulf Atlantic Bank,,5475452,610146,www.gulfatlanticbank.com,33040,
Loyal Trust Bank,,5427684,610417,www.loyaltrustbank.com,30097,
Trustar Bank,,5349218,611933,www.trustarbank.com,22066,
Gulf Capital Bank,,5382514,612409,www.gulfcapitalbank.com,77056,
Triad Business Bank,,5398627,614270,www.triadbusinessbank.com,27410,
"Varo Bank, National Association",,5518023,614637,www.varomoney.com,84020,
Founders Bank,,5398355,616512,https://founders.bank,20015,
FWBank,,5435988,617102,www.firstwomens.bank,60642,
Riverside Bank of Dublin,,5479478,617344,www.riverside.bank,43017,
Scottsdale Community Bank,,5691319,617747,www.scottsdalecommunitybank.com,85258,
Legacy Bank,,5755510,617761,https://www.legacybankca.com,92562,
Nelnet Bank,,5514409,618062,www.nelnetbank.com,84020,
"RockPointBank, National Association","RockPoint Bank, National Association",5574430,618546,www.rockpoint.bank,37402,
Craft Bank,,5472880,619288,www.craft.bank,30318,
Classic City Bank,,5538937,622032,www.classiccitybank.com,30606,
"Agility Bank, National Association",,5728916,622786,www.agility.bank,77008,
Genesis Bank,,5620869,624983,www.mygenesisbank.com,92660,
First Bank of Central Ohio,,5528880,625613,www.fbcentralohio.com,43085,
Climate First Bank,,5592340,627463,www.climatefirstbank.com,33704,
Integrity Bank for Business,,5543735,628140,www.integritybankva.com,23452,
Waterfall Bank,,5650923,629366,www.waterfallbank.com,33756,
Gainey Business Bank,,5758445,629853,gaineybusinessbank.com,85253,
Locality Bank,,5673191,632241,www.localitybank.com,33316,
Gulf Coast Business Bank,,5724226,634606,www.gcbbswfl.com,33966,
Integro Bank,,5758436,634761,www.integrobank.com,85053,
Moultrie Bank & Trust,,5686324,634922,www.mbtga.com,31788,
Thrivent Bank,,4457536,635117,www.thriventbank.com,84121,
EntreBank,,5660146,635712,www.entrebank.com,55425,
Walden Mutual Bank,,5787418,638316,www.waldenmutual.com,03301,
Beach Cities Commercial Bank,,5805424,638612,www.beachcitiescb.com,92618,
Adelphi Bank,,5777549,639059,https://www.adelphibank.com,43203,
Bank Irvine,,5788705,640695,www.bankirvine.com,92618,
"Business Bank, The",Bank of Burlington,5760662,640962,www.thebusinessbank.com,05403,
Texas Traditions Bank,,5760439,641636,http://txtraditionsbank.com,77494,
Community Unity Bank,,5860740,641744,www.communityunity.bank,48009,
Evermore Bank,,5692473,641772,www.evermorebankfl.com,33308,
GS&L Municipal Bank,,5784921,644984,,13642,
Icon Business Bank,,5805228,645970,www.iconbusinessbank.com,92501,
Zenith Bank & Trust,,5805442,647694,www.zenithprivate.com,85251,
Nave Bank,,5686089,649963,www.navebank.com,00909,
Nova Bank,,5807400,650140,,35801,
Fortuna Bank,,5837377,654774,www.fortunabank.com,43212,
Altos Bank,,5861541,656835,www.altosbank.com,94022,
Integrity Bank SSB,,5879201,657242,www.itx.bank,77024,
Five Rivers Bank,,5882500,659031,www.fiveriversbank.com,07652,
Four States Bank,,5903517,661079,www.4sb.com,64836,
BankMiami,,5906497,661336,WWW.BANKMIAMI.COM,33143,
Gala Bank,,5839915,663156,,34471,
Peoples Bank,,220527,4040,https://www.peoplesbanknc.com,28658,
Sutton Bank,The Sutton State Bank,110413,4045,www.suttonbank.com,44807,
The Farmers & Merchants State Bank,,214414,4050,www.fm.bank,43502,
Chemung Canal Trust Company,,884303,404,WWW.CHEMUNGCANAL.COM,14901,
The Community Bank,The Crooksville Bank,729011,4056,www.thecombank.com,43701,
Prism Bank,Oklahoma State Bank,905356,4062,www.prism.bank,73044,
First State Bank in Temple,,325459,4065,http://www.fstbank.com,73568,
Apollo Trust Company,,368522,4085,http://www.apollotrust.com,15613,
CorTrust Bank National Association,Live Stock State Bank,61355,4091,www.cortrustbank.com,57301,
Bryant State Bank,,82257,4092,www.bryantstatebank.com,57221,
One American Bank,First Midwest Bank,95051,4102,www.oneamericanbank.com,57014,
The Farmers State Bank of Turton,,496957,4108,www.fsbturtonsd.com,57477,
First PREMIER Bank,Citizens Bank,374653,4109,www.firstpremier.com,57104,
Union Bank,,235231,4111,https://myunion.bank,38556,
Tompkins Community Bank,Tompkins County Trust Company,433608,407,www.tompkinsbank.com,14850,
Macon Bank and Trust Company,"Red Boiling Springs Bank of Red Boiling Springs, Tenn.",709639,4114,maconbankandtrust.com,37083,
Lineage Bank,Citizens Bank & Trust Company,321152,4122,http://www.lineagebank.com,37067,
Decatur County Bank,,66154,4123,www.decaturcountybank.com,38329,
The Peoples Bank,,591357,4131,www.thepeoplesbankoftn.com,38371,
Bank Of Clarke,Bank of Clarke County,753324,4135,http://www.bankofclarke.bank,22611,
Bank of Botetourt,Bank of Buchanan,759625,4142,www.bankofbotetourt.com,24066,
Farmers State Bank,"Farmers State Bank, Winthrop, Wash.",694771,4152,http://farmersstatebankwa.com,98862,
Peoples Bank,Peoples State Bank,455972,4153,www.peoplesbank-wa.com,98226,
Kitsap Bank,Kitsap County Bank,584377,4154,www.kitsapbank.com,98366,
"Pendleton Community Bank, Inc.",Farmers & Merchants Bank of Marlinton,370020,4160,https://yourbank.bank,26807,
Bank of Millbrook,,175609,412,WWW.BANKOFMILLBROOK.COM,12545,
The Bank of Monroe,,849432,4164,www.mybankofmonroe.com,24983,
Citizens State Bank of Loyal,,479446,4170,http://www.csbloyal.com,54446,
Citizens State Bank,,867856,4175,www.csbnet.net,54016,
Sterling Bank,Bank of Barron,628356,4176,http://www.sterlingbank.ws,54812,
Highland State Bank,,681249,4179,www.highlandstatebank.net,53543,
Amalgamated Bank,The Amalgamated Bank of New York,661308,413,http://AMALGAMATEDBANK.COM,10001,
Deutsche Bank Trust Company Americas,Bankers Trust Company,214807,414,http://www.db.com,10019,
Community National Bank,The National Bank of Derby Line,270504,4235,www.communitynationalbank.com,05855,
The National Bank of Middlebury,,173306,4239,www.nbmvt.com,05753,
"JPMorgan Chase Bank, National Association",Chemical Bank,852218,417,www.jpmorganchase.com,43240,
The First National Bank of Orwell,,177500,4242,www.fnborwell.com,05760,
"First Hope Bank, A National Banking Association",The First National Bank of Hope,434203,4274,www.firsthope.bank,07844,
"PNC Bank, National Association",Midlantic National Bank,817824,4287,www.pnc.com,19801,
The Bank of New York Mellon,Irving Trust Company,541101,420,www.bny.com,10007,
Amboy Bank,First National Bank South Amboy-Madison Township,9807,4305,www.amboybank.com,08857,
The First National Bank of Absecon,,188917,4311,http://www.fnbabsecon.com,08201,
The First National Bank of Elmer,,609010,4324,http://www.elmerbank.com,08318,
The First National Bank of Bellevue,,243414,4366,www.fnblifetime.com,44811,
The First National Bank of Blanchester,,735414,4368,www.fnbblanchester.com,45107,
The Citizens National Bank of Bluffton,,738013,4369,www.cnbohio.com,45817,
The Farmers National Bank of Canfield,The Farmers' National Bank of Canfield,680813,4377,www.farmersbankgroup.com,44406,
Peoples Bank,"Peoples Bank, National Association",577128,6068,https://www.peoplesbancorp.com/,45750,
U.S. Bank National Association,"Firstar Bank, National Association",504713,4383,www.usbank.com,45202,
The Huntington National Bank,The Huntington National Bank of Columbus,12311,4390,www.huntington.com,43215,
The First National Bank of Dennison,,935719,4401,www.fnbdennison.com,44621,
"Community First Bank, National Association",The First National Bank of Forest,579319,4409,www.com1stbank.com,45843,
Five Star Bank,Salamanca Trust Company,601416,431,www.five-starbank.com,14569,
The First National Bank of Germantown,,505916,4415,www.fnbgermantown.com,45327,
The Adirondack Trust Company,,645317,432,adirondacktrust.com,12866,
First Financial Bank,First National Bank of Southwestern Ohio,165628,4419,www.bankatfirst.com,45202,
The Merchants National Bank,The Merchants National Bank of Hillsborough,701222,4423,www.merchantsnat.com,45133,
Kingston National Bank,,966722,4432,www.kingstonnationalbank.com,45644,
LCNB National Bank,The Lebanon-Citizens National Bank,785923,4436,www.lcnb.com,45036,
THE VINTON COUNTY NATIONAL BANK,The Vinton County National Bank of McArthur,754826,4446,www.vcnbfamily.bank,45651,
The First National Bank of McConnelsville,,44929,4447,www.first-national.com,43756,
The Citizens National Bank of McConnelsville,,685023,4448,www.cnbmoco.com,43756,
1st National Bank,The First National Bank of Morrow,480723,4454,WWW.BANKWITH1ST.COM,45036,
The Park National Bank,The Park National Bank of Newark,489623,4459,www.parknationalbank.com,43055,
Peoples State Bank,The Peoples National Bank of New Lexington,431323,4462,www.psbohio.com,43764,
RiverHills Bank,The New Richmond National Bank,371223,4464,www.rhb24.com,45150,
The First National Bank of Pandora,,571920,4469,www.e-fnb.com,45877,
"Fifth Third Bank, National Association","Citizens Heritage Bank, National Association",723112,4470,www.53.com,45202,
Home National Bank,The First National Bank of Racine,79127,4478,www.homenatlbank.com,45771,
Somerville Bank,The Somerville National Bank,411624,4490,www.somervilebank.net,45320,
The First National Bank of Sycamore,,553926,4493,www.sycamore.bank,44882,
The First National Bank of Waverly,,263627,4507,www.thefirstnational.com,45690,
The National Bank of Adams County of West Union,,290922,4510,http://www.nbaconline.com,45693,
The Citizens National Bank of Woodsfield,,386825,4513,www.cnbwoodsfield.com,43793,
"Citizens Bank of West Virginia, Inc.",Citizens National Bank of Elkins,481627,4539,www.citizenswv.com,26241,
The Fayette County National Bank of Fayetteville,,488420,4541,www.fcnbonline.com,25840,
"Mountain Valley Bank, N.A.",The First National Bank of Parsons,1011432,4560,www.mountainvalleybank.com,26241,
The First National Bank of Peterstown,,719030,4561,www.fnbp.com,24963,
"FNB Bank, Inc.",The First National Bank of Romney,969639,4566,http://www.fnbtoday.com,26757,
First Neighborhood Bank,The First National Bank of Spencer,911339,4572,www.firstneighborhoodbank.com,25276,
MCNB Bank and Trust Co.,McDowell County National Bank in Welch,20633,4575,www.mcnbbanks.com,24801,
The First National Bank of Williamson,,917630,4577,www.yourfnbonline.com,25661,
First National Bank,The First National Bank of Altavista,979629,4582,http://www.1stnatbk.com,24517,
The Farmers Bank of Appomattox,The Farmers National Bank of Appomattox,188720,4583,http://www.thefarmersbankva.com,24522,
The National Bank of Blacksburg,,754929,4586,www.nbbank.com,24060,
Journey Bank,Bloomsburg Bank-Columbia Trust Company,881012,447,www.journeybank.com,17815,
SKYLINE NATIONAL BANK,Grayson National Bank,90328,4611,www.skylinenationalbank.bank,24348,
Chesapeake Bank,The Lancaster National Bank of Irvingtion,214722,4612,www.ches.bank,22482,
Powell Valley National Bank,The Powell Valley National Bank of Jonesville,31826,4613,www.powellvalleybank.com,24263,
Pioneer Bank,Farmers & Merchants Bank of Stanley,41629,4646,www.pioneerbks.com,22851,
First Bank,The First National Bank of Strasburg,899428,4648,www.fbvirginia.com,22657,
Cayuga Lake National Bank,The First National Bank of Aurora,63201,4665,www.cayugalakenationalbank.com,13160,
Ballston Spa National Bank,,505,4666,https://ww.bsnb.com,12020,
Dime Community Bank,BNB Bank,23504,4672,WWW.DIME.COM,11788,
Wayne Bank,Wayne County Savings Bank,59316,450,Wayne.Bank,18431,
The Canandaigua National Bank and Trust Company,,161602,4677,www.cnbank.com,14424,
"Community Bank, National Association",The St. Lawrence County National Bank,202907,4679,www.cbna.com,13617,
The Putnam County National Bank of Carmel,,287007,4680,www.pcnb.biz,10512,
Peoples Exchange Bank,Peoples Exchange Bank of Monroe County,42037,50,www.peb.bank,36460,
The National Bank of Coxsackie,,234506,4694,www.nbcoxsackie.com,12051,
The Delaware National Bank of Delhi,,236603,4695,www.dnbd.bank,13753,
The First National Bank of Dryden,,241009,4700,www.drydenbank.com,13053,
Arrow Bank National Association,Glens Falls National Bank and Trust Company,866000,4715,www.arrowbank.com,12801,
The First National Bank of Groton,,917500,4721,www.grotonbank.com,13073,
Jeff Bank,The First National Bank of Jeffersonville,306908,4733,www.jeff.bank,12748,
Orrstown Bank,,342410,456,www.orrstown.com,17111,
The Lyons National Bank,,323204,4740,www.bankwithlnb.com,14489,
Central State Bank,,353238,52,http://www.centralstatebank.com,35040,
"Citibank, National Association","Citibank, N. A.",476810,4759,www.citibank.com,57108,
"NBT Bank, National Association",The National Bank and Trust Company of Norwich,702117,4765,www.nbtbank.com,13815,
WSB Municipal Bank,The Redwood National Bank,858818,4780,www.watertownsavingsbank.com,13601,
Champlain National Bank,Essex County-Champlain National Bank,126012,4811,http://www.champlainbank.com,12932,
The Apple Creek Banking Company,,213912,467,www.applecreekbank.com,44606,
First Keystone Community Bank,The First National Bank of Berwick,790918,4826,www.fkc.bank,18603,
First Commonwealth Bank,Deposit National Bank,42420,4852,www.fcbanking.com,15701,
The Ephrata National Bank,,425911,4864,http://www.epnb.com,17522,
ACNB Bank,The First National Bank of Gettysburg,5210,4871,http://www.acnb.com,17325,
Peoples Security Bank and Trust Company,Peoples National Bank,278818,4876,www.psbt.com,18512,
The Honesdale National Bank,,465618,4883,https://www.hnbbank.bank,18431,
Ameriserv Financial Bank,United States National Bank in Johnstown,928618,4895,AmeriServ.com,15901,
"Fulton Bank, National Association",The Fulton National Bank of Lancaster,474919,4901,www.fultonbank.com,17602,
The National Bank of Malvern,,977616,4923,http://www.natbankmal.com,19355,
First Citizens Community Bank,First Citizens National Bank,978118,4925,www.firstcitizensbank.com,16933,
Jim Thorpe Neighborhood Bank,The Mauch Chunk National Bank,920210,4929,www.jtnb.com,18229,
Pennian Bank,The First National Bank of Mifflintown,212018,4934,www.pennian.bank,17059,
The Juniata Valley Bank,The Juniata Valley National Bank of Mifflintown,215710,4935,www.jvbonline.com,17059,
Minster Bank,The Minster State Bank,604024,485,https://www.minsterbank.com,45865,
UNB Bank,The Union National Bank of Mount Carmel,249416,4947,http://www.unb.bank,17851,
The Neffs National Bank,,144913,4952,http://www.neffsnatl.com,18065,
First National Bank and Trust Company of Newtown,The First National Bank and Trust Company of Newtown,1007417,4960,WWW.FNBN.COM,18940,
New Tripoli Bank,The New Tripoli National Bank,331713,4961,http://www.newtripolibank.net,18066,
First Northern Bank and Trust Company,The First National Bank of Palmerton,186717,4969,https://www.1stnorthern.bank,18071,
The Farmers Bank and Savings Company,"The Farmers Bank and Savings Company of Pomeroy, Ohio",58225,491,www.fbsc.com,45769,
BankSouth,Bank of Cottonwood,194936,57,,36303,
QNB Bank,The Quakertown National Bank,852713,4983,www.qnbbank.com,18951,
Univest  Bank and Trust Co.,Univest National Bank and Trust Co.,354310,5007,http://www.univest.net,18964,
The Turbotville National Bank,,906410,5022,www.ttnb.com,17772,
Citizens & Northern Bank,Citizens & Northern National Bank and Trust Company,895710,5029,www.cnbankpa.com,16901,
Community Bank,"Community Bank, National Association",371924,5046,www.cb.bank,15320,
First United National Bank,The First National Bank of Fryburg,127224,5059,www.fun-bank.com,16326,
First National Bank of Pennsylvania,First National Bank of Mercer County,379920,5061,www.fnb-online.com,16125,
"NEXTIER BANK, NATIONAL ASSOCIATION",The Merchants National Bank of Kittanning,18827,5064,https://www.nextierbank.com,16201,
Marion Center Bank,The Marion Center National Bank,947525,5068,http://www.marioncenterbank.com,15701,
"BNY Mellon, National Association","Mellon Bank, National Association",934329,5080,www.bny.com,15258,
Savings Bank of Mendocino County,,146663,5095,WWW.SAVINGSBANK.COM,95482,
Grove Bank & Trust,Coconut Grove Exchange Bank,648130,5101,www.grovebankandtrust.com,33133,
Crews Bank & Trust,Wauchula State Bank,200435,5104,www.crews.bank,33873,
Mount Vernon Bank,Citizens Bank & Trust Company of Mount Vernon,807432,5109,www.mountvernon.bank,30445,
"WesBanco Bank, Inc.",Wheeling Dollar Bank,645625,508,www.wesbanco.com,26003,
Citizens Trust Bank,Citizens Trust Company,680130,5114,www.ctbconnect.com,30314,
Bath State Bank,,308340,5115,www.bathstatebank.com,47010,
Merchants Bank of Indiana,Greensfork Township State Bank,963945,5125,www.bankmerchants.com,46032,
The North Salem State Bank,,947749,5130,www.nssb.bank,46165,
Community State Bank,,322449,5131,www.communitystatebank.com,47922,
The Garrett State Bank,,465243,5134,www.garrettstatebank.com,46738,
Fairfax State Savings Bank,,682648,5140,www.thebankhere.com,52228,
NSB Bank,Northwoods State Bank,253646,5148,www.nsbbank.com,50401,
Warren Bank and Trust Company,Warren Bank,748441,61,www.warrenbanktrust.com,71671,
Primebank,Le Mars Savings Bank,671147,5153,www.primebank.bank,51031,
New Century Bank,National Family Bank,392152,5160,www.newcenturybankna.com,66935,
Kendall Bank,The State Bank of Spring Hill,366854,5162,www.kendallbank.com,66210,
Pbt Bancorp,Peoples Bank & Trust Company of Hazard,814711,5166,www.pbtb.com,41701,
Bank of Jamestown,,567240,5167,www.bankofjamestown.com,42629,
"Magnolia Bank, Incorporated",Bank of Magnolia,261146,5169,www.magnoliabank.com,42701,
Security Bank and Trust Co.,,835613,5170,https://securitybankandtrustmaysvilleky.net,41056,
First & Peoples Bank and Trust Company,First & Peoples Bank,391418,5171,www.firstandpeoplesbank.com,41169,
"Commonwealth Community Bank, Inc.",The Hartford Bank and Trust Company,541642,5175,http://www.cwcbank.com,42347,
Independence Bank of Kentucky,Farmers and Merchants Bank,648242,5182,www.1776bank.com,42301,
Colfax Banking Company,,178356,5185,www.colfaxbanking.com,71417,
Sabine State Bank and Trust Company,,125855,5186,www.sabinebank.com,71449,
Bank of Gueydan,,603232,5189,bankofgueydan.com/,70542,
First American Bank and Trust,Bank of Vacherie,101037,5194,www.fabt.com,70090,
State Savings Bank,,22543,5199,www.ssbankmi.com,49635,
Honor  Bank,The Honor State Bank,815147,5202,www.myhonorbank.com,49640,
Lake-Osceola State Bank,,11145,5203,www.losb.com,49304,
Citizens State Bank,The Citizens State Bank of Ontonagon,356752,5209,www.micsb.com,48073,
The First State Bank of Red Wing,Farmers State Bank of Welch,818559,5217,http://www.firststatebankredwing.com,55066,
Portage Bank,State Bank of Ceylon,401951,5223,www.portage.bank,98004,
Citizens Bank Minnesota,Citizens Bank of New Ulm,874050,5226,www.citizensmn.bank/,56073,
Americana Community Bank,Americana State Bank of Sleepy Eye,201254,5229,www.americanafinancial.com,56085,
Prairie Sun Bank,Prairie State Bank,960551,5231,www.bankwithpsb.com,56262,
Freeport State Bank,,72454,5234,www.freeportstatebank.com,56331,
Farmers State Bank of Hamel,,1006157,5237,www.fsboh.com,55340,
First State Bank of Swanville,,833851,5241,www.fsbswanville.com,56382,
Citizens Bank and Trust Company,,991621,518,http://www.cbtva.com,23824,
Copiah Bank,"Bank of Hazlehurst, National Association",398837,5249,WWW.COPIAHBANK.COM,39083,
Bank of Holly Springs,The Bank of Holly Springs,835743,5250,www.bankofhollysprings.com,38635,
RiverHills Bank,Port Gibson Bank,573335,5251,www.riverhillsbank.com,39183,
Planters Bank & Trust Company,,972648,5252,www.planters-bank.com,38751,
Bank of Anguilla,,31835,5258,www.bankofanguilla.com,38721,
Bank of Wiggins,,179335,5260,http://www.bankofwiggins.com,39577,
Adrian Bank,,94858,5261,www.adrianbank.com,64720,
Omb Bank,Bank of Ash Grove,2785646,5262,www.ombbank.com,65807,
Montgomery Bank,The First National Bank of The Mid-South,613558,5265,www.montgomerybank.com,63801,
"Farmers Bank of Lohman, Missouri",,743950,5274,www.farmersbankoflohman.com,65109,
"UMB Bank, National Association",United Missouri Bank of Cass County,936855,5277,www.umb.com,64106,
Exchange Bank Co.,Exchange Bank of Northeast Missouri,2747466,5278,ebnemo.com,63445,
Alton Bank,,881441,5279,www.altonbank.com,65606,
First Missouri State Bank,State Bank of Fisk,825454,5283,www.firstmissouristatebank.com,63901,
Lead Bank,Garden City Bank,893855,5284,www.lead.bank,64108,
O'Bannon Banking Company,,955940,5294,http://www.obannonbank.com,65622,
Century Bank of the Ozarks,Bank of Gainesville,904359,5295,WWW.CBOZARKS.COM,65655,
First State Bank of Forsyth,Forsyth State Bank,597658,5309,www.firststatebankforsyth.com,59327,
Stockmens Bank,"The State Bank of Bartley, DBA Stockmens Bank, a Division of the State Bank of Bartley",982553,5310,www.thestockmensbank.com,80903,
Nebraska State Bank and Trust Company,Nebraska State Bank,412153,5311,www.nesb.bank,68822,
First Tri County Bank,Bank of Swanton,570651,5319,www.ftcb1.com,68445,
First State Bank of Harvey,First State Bank,997557,5340,www.firstharvey.com,58341,
KodaBank,Drayton State Bank,803957,5342,www.kodabank.com,58225,
BankNorth,First State Bank of North Dakota,721350,5343,banknorth.bank,58006,
Lincoln State Bank,,667551,5345,www.lsbhank.com,58041,
The Waterford Commercial and Savings Bank,,324229,5349,www.waterfordbank.com,45786,
The Ottoville Bank Company,,443625,5353,www.ottovillebank.com,45876,
Farmers and Merchants Trust Company of Chambersburg,,289515,5354,fmtrust.bank,17201,
1st Summit Bank,Summit Bank,526519,5363,www.1stsummit.bank,15904,
One Bank of Tennessee,Bank of Putnam County,99536,5367,onebanktn.com,38501,
Centennial Bank,Farmer's & Merchants Bank,531250,5371,http://www.mycentennial.bank,38258,
The Bank of Romney,,722432,531,http://www.bankofromney.net,26757,
Exchange Bank,,507068,5386,www.exchangebank.com,95401,
The Pleasants County Bank,,8631,533,www.pcbsm.com,26170,
Central State Bank,Clayton State Bank,152440,5401,WWW.CSB123.COM,62324,
Scott State Bank,,443634,5404,www.scottbancshares.com,61914,
Union State Bank,,746942,5411,http://www.usbgfd.com,50849,
The Farmers State Bank,,944748,5415,http://www.fsbmarcus.com,51035,
New Albin Savings Bank,,234841,5416,http://www.newalbinsavingsbank.com,52160,
Sloan State Bank,,481748,5417,www.sloanstatebank.com,51055,
Farmers Trust & Savings Bank,,646042,5420,www.ftnsbank.net,51530,
Crawford County Trust and Savings Bank,,810544,5421,https://www.crawfordcountybank.com,51442,
State Savings Bank,,286840,5423,www.rakestatesavingsbank.com,50465,
White State Bank,,359744,5428,www.whitestatebank.com,52335,
First State Bank,,795249,5430,http://fsb-britt.com,50423,
Concordia Bank & Trust Company,,819556,5435,http://www.concordiabank.com,71373,
Bank of Coushatta,,926959,5439,www.mybcbank.com,71019,
Bank of Erath,,399731,5440,www.bankoferath.com,70533,
Tensas State Bank,,134455,5441,www.tensas.com,71357,
St. Landry Bank and Trust Company,St. Landry Bank & Trust Co. of Opelousas,885430,5442,http://www.stlandrybank.com,70570,
First Community Bank,Farmers State Bank of Lester Prairie,1017555,5443,www.fcblpsl.com,55354,
ProGrowth Bank,Nicollet State Bank,751254,5444,http://www.progrowth.com,56074,
BankCherokee,Cherokee State Bank of St. Paul,748254,5445,http://www.bankcherokee.com,55107,
State Bank of Fairmont,Northrop Peoples State Bank,723158,5449,www.sbof.com,56031,
United Community Bank,Perham State Bank,847157,5452,www.ucbankmn.com,56573,
Sentry Bank,First State Bank of St. Joseph,746157,5454,www.mysentrybank.com,56374,
"Merchants & Farmers Bank of Greene County, Alabama",,376237,541,MFBUSA.COM,35462,
Great Southern Bank,Great Southern National Bank,101738,5458,www.greatsouthern.bank,39301,
Bank 21,The Farmers Bank,634544,5466,www.bank21.com,64633,
The Bank of Grain Valley,,956554,5470,bankofgrainvalley.com,64029,
Goppert Financial Bank,The Lathrop Bank,815053,5473,www.goppertfb.com,64465,
Citizens Bank of Rogersville,,246451,5475,cbofr.com,65742,
The Maries County Bank,,441359,5479,http://www.mariescountybank.com,65582,
Bank of Iberia,,790150,5483,www.bankofiberia.com,65486,
Montrose Savings Bank,,753052,5490,,64770,
I3 Bank,Bank of Bennington,348159,5491,www.i3.bank,68007,
First State Bank,First State Bank of Hordville,284958,5498,FSBHORDVILLE.COM,68846,
State Bank & Trust,Winfield State Bank,386731,546,http://www.statebank.net,35594,
The Citizens State Bank at Mohall,,688453,5507,www.csbmsl.com,58761,
Dakota Western Bank,"The Bank of Rhame, North Dakota",827458,5509,www.dwb.bank,58623,
Farmers & Merchants Bank of North Dakota,The Farmers & Merchants State Bank of Tolna,954158,5511,www.fmbnd.com,58380,
Farmers State Bank,The Farmers State Bank of West Salem,327220,5514,www.farmersstate-oh.com,44287,
Commercial Bank & Trust Co.,,467658,5520,cbtcnet.com,38242,
Farmers Bank,The Farmer's Bank,524757,5521,www.farmers-bank.com,38363,
FirstBank,Farmers State Bank,436159,5522,www.firstbankonline.com,37203,
Farmers & Merchants Bank,"Farmers and Merchants Bank of Timberville, Inc.",713926,5526,WWW.FMBANKVA.COM,22853,
The Blue Grass Valley Bank,,755421,5527,www.bluegrassvalleybank.com,24413,
Lamont Bank of St. John,Lamont State Bank,519874,5532,,99171,
Bluff View Bank,Bank of Galesville,167453,5534,www.bluffviewbank.com,54630,
Bank of Lake Mills,,477349,5536,www.bankoflakemills.com,53551,
The Port Washington State Bank,,937740,5537,https://www.pwsb.bank,53074,
Waldo State Bank,,131940,5538,www.waldostate.bank,53093,
Unity Bank,Peoples State Bank,443353,5547,www.unitybanking.com,54722,
Cowboy State Bank,Ranchester State Bank,544951,5556,http://www.cowboystatebank.com,82839,
Arvest Bank,McIlroy Bank & Trust,311845,5559,www.arvest.com,72701,
Synovus Bank,Columbus Bank and Trust Company,395238,556,www.synovus.com,31901,
Gateway Bank,The Bank of Rison,733540,5561,www.gatewaybank.bank,71665,
Merchants and Farmers Bank,,644842,5564,www.mfbanknet.com,71639,
Citizens' Bank & Trust Co.,,192147,5566,www.cbankandtrust.com,72956,
First State Bank of Middlebury,,967046,5567,www.Bfirst.bank,46540,
Iowa State Savings Bank,,869346,5568,www.issbbank.com,50801,
First Trust and Savings Bank,"Dixon Savings Bank of Dixon, Iowa",640442,5569,www.firsttrust.bank,52777,
Bank of Dawson,,193537,558,www.bankofdawson.com,39842,
Farmers State Bank,,208440,5576,www.fsbiowa.com,50511,
Kerndt Brothers Savings Bank,,665146,5577,www.kerndtbrothers.com,52151,
The Sacramento Deposit Bank,,180144,5578,www.sdbweb.com,42372,
Magnolia State Bank,Bank of Eastman,204237,559,http://www.bankmsb.com,31023,
Springfield State Bank,,197142,5585,www.springfieldstate.bank,40069,
The Cecilian Bank,,982142,5587,http://www.thececilianbank.com,42724,
Bank of Columbia,,839246,5588,www.bankcolumbia.com,42728,
Peoples Exchange Bank,"The Peoples Exchange Bank of Beattyville, Kentucky",129910,5594,www.pebank.com,40391,
Farmers State Bank,,773032,561,FARMERSSTATEONLINE.COM,30817,
Cottonport Bank,,473930,5602,www.cottonportbank.com,71327,
Jackson Parish Bank,,122153,5603,www.jacksonparishbank.com,71251,
Generations Bank,First Bank,329345,68,www.mygenerations.bank,72758,
Hebron Savings Bank,,780722,5614,www.hebronsavingsbank.com,21830,
The Queenstown Bank of Maryland,,429021,5617,wwww.queenstownbank.com,21658,
United Farmers State Bank,"Farmers State Bank of Adams, Minnesota",328656,5618,www.unitedfsb.com,55909,
Adrian State Bank,,293352,5619,www.adrianstatebank.com,56110,
Eagle Bank,Pope County State Bank,1000959,5621,http://www.eaglebankmn.com,56334,
Currie State Bank,,343958,5628,www.curriestatebank.com,56123,
Peoples State Bank of Wells,,192651,5635,www.peoplesstatebankwells.com,56097,
Grand Marais State Bank,,945950,5637,www.grandmaraisstatebank.com,55604,
American Heritage National Bank,First National Bank of Long Prairie,61757,5638,www.logbank.com,56347,
Farmers and Merchants State Bank of Appleton,,269759,5640,www.farmers-merchants.com,56208,
CenBank,State Bank of Buffalo Lake,308256,5643,www.cenbank.com,55314,
North Shore Bank of Commerce,Northwestern Bank of Commerce,126553,5645,www.northshore.bank,55802,
Park State Bank,,286457,5646,www.parkstatebank.com,55806,
Glenwood State Bank (Incorporated),,975854,5648,www.glenwoodstate.bank,56334,
Grove Bank,First State Bank of Grove City,79257,5652,http://www.grovebancorp.com,56243,
State Bank of Chandler,,112556,5653,www.statebankofchandler.bank,56122,
Woodland Bank,Security State Bank of Remer,788652,5657,http://www.woodland.bank,56636,
Heritage Bank Minnesota,Farmers State Bank of West Concord,777254,5659,heritagebankmn.com,55985,
"Merchants Bank, National Association",Merchants National Bank of Winona,779351,5660,www.merchantsbank.com,55987,
Ultima Bank Minnesota,Farmers State Bank of Winger,225157,5661,www.ultimabank.com,56592,
BankFirst Financial Services,The Merchants and Farmers Bank,914648,5663,http://www.bankfirstfs.com,39701,
Community Bank of Mississippi,Farmers and Merchants Bank,460033,5671,www.communitybank.net,39232,
Midwest Regional Bank,The Bank of Otterville,691958,5680,www.mwrbank.com,63105,
Georgia First Bank,The Bank of Soperton,260831,567,https://georgiafirst.bank,30457,
SULLIVAN BANK,Bank of Sullivan,436953,5682,www.sullivanbank.com,63080,
America's Community Bank,First Country Bank,440857,5683,www.amcommbank.com,64015,
Jonesburg State Bank,,733755,5686,www.jonesburgstatebank.com,63351,
St. Johns Bank and Trust Company,,173557,5687,https://www.stjohnsbank.com,63114,
Signature Bank of Arkansas,First Bank of South Arkansas,3350724,69,www.signature.bank,72703,
Peoples Bank & Trust Co.,Peoples Bank and Trust Company of Lincoln County,909055,5692,pbtc.net,63379,
The Nodaway Valley Bank,,770657,5693,www.nvb.com,64468,
Citizens Bank,Citizens Bank & Trust Company,126834,571,www.citzcar.com,37030,
Bank Forward,Security State Bank of North Dakota,812557,5708,WWW.BANKFORWARD.COM,58104,
Stock Growers Bank,Havana State Bank,992851,5709,https://www.stockgrowers.bank,58032,
Merchants Bank,,700458,5710,www.merchantsbankrugby.com,58368,
Kindred State Bank,,816751,5713,http://www.kindredstatebank.com,58051,
Community Bank,Community State Bank,938550,5733,http://www.cbbristow.com,74010,
The Bank of Forest,,642437,576,www.bkforest.com,39074,
Security State Bank of Oklahoma,"Security State Bank of Wewoka, Oklahoma",52951,5736,www.ssbok.com,74884,
The Gerber State Bank,,663638,577,www.gerberstatebank.com,62501,
Commercial Bank & Trust Company,Commercial Loan & Trust Company,23643,70,www.commercial-bank.net,71655,
Home Loan State Bank,Home Loan Industrial Bank,499154,17681,www.hlsb.com,81501,
First State Bank of Roscoe,,189950,5751,,57471,
Heartland State Bank,Bank of Wessington,135854,5753,www.hsbsd.com,57469,
Adams Community Bank,South Adams Savings Bank,343903,17735,www.adamscommunity.com,01220,
BankProv,Provident Institution for Savings in the Towns of Salisbury and Amesbury,375502,17736,www.bankprov.com,01913,
Athol Savings Bank,,408307,17741,www.ibankasb.com,01331,
Bluestone Bank,Bridgewater Savings Bank,699105,17762,www.bluestone.bank,02767,
East Cambridge Savings Bank,,738303,17766,www.ecsb.com,02141,
The Bank of Canton,"The Canton Institution for Savings, The Bank of Canton",853804,17768,www.thebankofcanton.com,02021,
Clinton Savings Bank,,179700,17772,www.clintonsavings.com,01510,
Middlesex Savings Bank,,888002,17774,www.middlesexbank.com,01760,
Bankesb,Easthampton Savings Bank,859002,17779,http://www.bankesb.com,01027,
Martha's Vineyard Bank,Dukes County Savings Bank,196800,17781,www.mvbank.com,02539,
Eagle Bank,Everett Savings Bank,197302,17782,www.bankeagle.com,02149,
BayCoast Bank,Citizens-Union Savings Bank,771609,17787,www.baycoast.bank,02777,
Byron Bank,Rock River Community Bank,325534,580,www.byronbank.com,61010,
Cape Ann Savings Bank,,627108,17794,capeannsavings.bank,01930,
Greenfield Savings Bank,,632607,17797,greenfieldsavings.com,01301,
Pentucket  Bank,Pentucket Five Cents Savings Bank,635907,17799,www.pentucketbank.com,01830,
Hingham Institution for Savings,,673909,17802,www.hinghamsavings.com,02043,
PeoplesBank,Peoples Savings Bank,613400,17804,www.bankatpeoples.com,01040,
Avidia Bank,Hudson Savings Bank,619701,17806,www.avidiabank.com,01749,
The Lowell Five Cent Savings Bank,,923707,17817,www.lowellfive.com,01876,
Washington Savings Bank,,654300,17819,www.washingtonsavings.com,01852,
Bank of Charles Town,The Bank of Charles Town,1014125,5764,www.mybct.bank,25414,
Marblehead Bank,Marblehead Savings Bank,816304,17824,www.marblebank.com,01945,
Main Street Bank,Marlborough Savings Bank,818401,17825,www.bankmainstreet.com,01752,
"Calhoun County Bank, Inc.",The Calhoun County Bank,498625,5765,www.calhounbanks.com,26147,
Monson Savings Bank,,951102,17835,www.monsonsavings.bank,01057,
Institution for Savings in Newburyport and Its Vicinity,,272302,17840,www.institutionforsavings.com,01950,
Newburyport Five Cents Savings Bank,,67209,17841,www.newburyportbank.com,01950,
MountainOne Bank,North Adams Hoosac Savings Bank,97804,17843,www.mountainone.com,01247,
North Brookfield Savings Bank,,528102,17848,www.northbrookfieldsavingsbank.com,01535,
North Easton Savings Bank,,527600,17849,www.northeastonsavingsbank.com,02375,
Seamen's Bank,Seamen's Savings Bank,418100,17858,seamensbank.com,02657,
Cornerstone Bank,Spencer Savings Bank,447100,17872,www.cornerstonebank.com,01562,
UniBank for Savings,Uxbridge Savings Bank,709602,17879,www.unibank.com,01588,
The Savings Bank,Wakefield Savings Bank,711801,17880,www.tsbdirect.bank,01880,
Webster Five Cents Savings Bank,,765505,17886,www.web5.com,01570,
Amalgamated Bank of Chicago,Amalgamated Trust & Savings Bank,397531,581,www.aboc.com,60602,
The Harrison County Bank,,104234,5771,www.hcbwv.com,26385,
Westfield Bank,Westfield Savings Bank,892205,17889,www.westfieldbank.com,01085,
South Shore Bank,South Shore Savings Bank,772008,17892,www.southshorebank.com,02190,
Winchester Savings Bank,,899008,17897,www.winchestersavings.com,01890,
Bay State Savings Bank,,963002,17900,baystatesavingsbank.com,01608,
Headwaters State Bank,,224954,5775,www.headwatersstatebank.com,54540,
Security State Bank,First State Bank of Port Wing,43052,5776,www.sbankonline.com,54847,
Mound City Bank,,259442,5777,http://www.moundcitybank.com,53818,
The Bank of Landisburg,Bank of Landisburg,734613,17942,http://www.bankoflandisburg.com,17040,
Citizens State Bank,,795548,5785,www.mycsb.bank,52310,
Bank of Moundville,,586335,5795,www.bankofmoundville.com,35474,
Planters First Bank,Planters Bank,300933,5800,www.plantersfirst.bank,31015,
Bank of Dudley,,546535,5804,http://www.bankofdudley.com,31022,
Farmers & Merchants Bank,,64730,5805,www.ibankfmb.com,31024,
First Bank of Pike,Bank of Molena,760939,5806,www.firstbankofpike.com,30258,
Banco Cooperativo de Puerto Rico,,780816,18131,,00936,
The Harvard State Bank,,800134,5812,www.webhsb.com,60033,
Holcomb Bank,Holcomb State Bank,568135,5813,www.holcomb.bank,61068,
French-American Banking Corporation (NYIC),,635813,18145,,10005,
1st Source Bank,First Bank and Trust Company of South Bend,991340,5818,www.1stsource.com,46601,
Atkins Savings Bank & Trust,Peoples Savings Bank,739346,5823,https://www.atkinssavingsbank.com,52206,
South Ottumwa Savings Bank,,75446,5826,www.sosb-ia.com,52501,
Pilot Grove Savings Bank,,585749,5827,www.pilotgrovesavingsbank.com,52648,
5Star Bank,5 Star Bank,455253,18193,www.5star.bank,80903,
West Iowa Bank,Iowa State Bank,137643,5831,http://www.westiowabank.com,50597,
Farmers State Bank,,507349,5832,www.yalebankiowa.com,50277,
Rolette State Bank,,1012457,5838,www.rolettestatebank.com,58366,
State Bank of Bottineau,"State Bank of Souris, N.D.",1014554,5839,http://www.statebankofbottineau.com,58318,
Western State Bank,Bank of Webster,233554,5841,www.westernbanks.com,58301,
Bank of Little Rock,Hallmark Loan and Investment Company,1397471,18285,http://www.bankoflittlerock.com,72201,
The Northern Trust Company,,210434,589,www.northerntrust.com,60603,
CIBC National Trust Company,Amvescap National Trust Company,975751,18316,private-wealth.us.cibc.com,30327,
Osgood Bank,The Osgood State Bank,313223,5851,www.osgoodbank.com,45351,
"The Commercial and Savings Bank of Millersburg, Ohio",,189129,5853,www.csb1.com,44654,
Countybank,The County Bank,271529,5859,www.ecountybank.com,29646,
Wayne County Bank,,511832,5867,waynecountybank.com,38485,
Security Bank and Trust Company,The Cottage Grove Bank and Trust Co.,118156,5870,www.securitybanktn.com,38242,
Apex Bank,Bank of Camden,51253,5874,www.apexbank.com,38320,
Union Bank & Trust Company,,80431,5876,www.ubtconline.com,38570,
Brighton Bank,Brighton Savings Bank,227656,5883,www.bankbrighton.com,38011,
Home Banking Company,,138556,5890,WWW.HOMEBANKINGCO.COM,38375,
Central Bank,Springville Banking Company,622774,5893,www.cbutah.com,84601,
Glennville Bank,The Glennville Bank,439132,5915,www.glennvillebank.com,30427,
"The Bank of LaFayette, Georgia",,944739,5916,www.bankoflafayette.com,30728,
The State Bank of Geneva,,991135,600,www.sbgeneva.com,60134,
Farmers State Bank of Hoffman,,837541,5919,www.fsbhoffman.com,62250,
Peoples National Bank of Kewanee,Peoples State Savings Bank of Kewanee,823133,601,www.pnb-kewanee.com,61443,
Stillman BancCorp N.A.,The Stillman Valley National Bank,407645,5923,www.stillmanbank.com,61084,
Rushville State Bank,,49148,5925,http://www.rushvillestatebank.com/,62681,
Villa Grove State Bank,,474245,5932,www.villagrovestatebank.com,61956,
The Hill-Dodge Banking Company,,419947,5933,http://www.hilldodge.com,62379,
First Bank of Berne,,312244,5943,www.firstbankofberne.com,46711,
Farmers State Bank,,749840,5950,www.fsblv.com,51450,
Farmers & Merchants Savings Bank,,863746,5953,www.fmbankia.com,52057,
Reliance State Bank,Randall-Story State Bank,466044,5954,www.rsbiowa.com,50248,
Riverside Bank,Merchants & Planters Bank,977045,73,www.riversidebanc.com,71763,
Readlyn Savings Bank,The Readlyn Savings Bank,287342,5955,www.readlynsavingsbank.com,50668,
The Citizens Bank,,617145,5961,www.citizenshickman.com,42050,
United Southern Bank,Planters Bank of Todd County,110945,5964,www.usbky.com,42240,
Citizens State Bank of Milford,,771047,604,www.thefarmbank.com,60953,
Commercial Bank,,358112,5965,http://www.commercialbankky.bank,41472,
"PBK BANK, INC.","The Peoples Bank of Hustonville, Kentucky",148715,5968,www.pbkbank.com,40484,
Bank of Maysville,,782016,5970,www.bankofmaysville.com,41056,
Merchants & Farmers Bank & Trust Company,,136338,5973,www.merchantsandfarmers.com,71446,
Marion State Bank,,678454,5974,www.marionstate.bank,71260,
Cross Keys Bank,Bank of St. Joseph & Trust Co.,755252,5976,www.crosskeys.bank,71366,
Bank of Winnfield & Trust Company,,625953,5977,http://www.bankofwinnfield.com,71483,
Jonesboro State Bank,The Jonesboro State Bank,121651,5979,www.jonesborostatebank.com,71251,
Washington State Bank,,311939,5980,www.wsbankla.com,70589,
Farmers-Merchants Bank & Trust Company,Farmers and Merchants Bank,653134,5981,http://www.fmbanking.com,70517,
Peoples Bank,,923257,5982,www.thepeoplesbankla.com,71226,
First State Bank of Le Center,,986159,5984,www.fsblecenter.com,56057,
Bank of Maple Plain,State Bank of Maple Plain,989851,5985,www.bankofmapleplain.com,55359,
"Battle Bank, National Association",Stearns Bank Upsala National Association,208459,5988,www.stearnsbank.com,56384,
"Citizens State Bank of Waverly, Inc.",Citizens' State Bank of Waverly (Incorporated),213958,5989,http://www.bankwaverly.com,55390,
"Farmers & Merchants State Bank of New York Mills, Incorporated",,721752,5992,www.fmbanknym.com,56567,
First State Bank of Fountain,,943152,6000,www.firststatebankoffountain.com,55935,
State Bank of Lake Park,,912756,6002,https://www.statebankoflakepark.com,56554,
Farmers State Bank of Hoffman,,981453,6005,www.fsbhoffman.net,56339,
The Commercial Bank,Commercial Bank of DeKalb,700430,6006,www.commercialbankms.com,39328,
Bank of Commerce,,99442,6008,WWW.BANKCOM.COM,38930,
Peoples Bank,,70638,6015,www.peoplesbank-ms.com,39114,
The Bank of Advance,,879644,6017,www.bankofadvance.com,63730,
F & C Bank,Farmers and Commercial Bank,14155,6023,https://www.fandcbank.com,64040,
"Bank of Brookfield - Purdin, National Association","Bank of Purdin, National Association",236256,6029,www.bankbp.com,64628,
The Corner Stone Bank,,312356,6031,www.thecornerstonebank.net,64863,
Bank of Grandin,,1351,6034,www.bankofgrandin.net,63943,
Valley National Bank,"Bank of Passaic and Clifton, National Association",229801,6037,www.valley.com,07055,
Bank of Cattaraugus,,92902,6043,www.BankofCattaraugus.com,14719,
Tioga State Bank National Association,"The Farmers & Merchants Bank of Spencer, N.Y",910118,6045,https://www.tiogabank.com,14883,
Grant County State Bank,First Southwest Bank - Carson,983158,6049,www.grantcountystatebank.com,58529,
The Union Bank,The Union Bank of Dunn Center,852254,6051,www.theunionbank.com,58523,
Citizens State Bank of Lankin,,940852,6053,http://www.csb100.com,58250,
Choice Financial Group,Citizens State Bank of Petersburg,826956,6054,HTTP://WWW.BANKWITHCHOICE.COM,58104,
First State Bank,The First State Bank of Adams County,294023,6062,http://www.fsb4me.com,45697,
The Mt. Victory State Bank,The Mt. Victory State Bank Company,274025,6063,www.mtvictorybank.com,43340,
The Peoples Savings Bank,,287922,6064,http://www.psb1911.com,45767,
First Bank of Ohio,Tiffin Savings Bank,586027,6072,www.firstbankofohio.com,44883,
The North Side Bank and Trust Company,,615217,6077,www.nsbt.net,45223,
Farmers & Merchants Bank,Farmers and Merchants Bank,176325,6080,www.bankwithfm.com,45342,
Unified Bank,The Citizens Savings Bank,584724,6081,www.unifiedbank.com,43935,
Alva State Bank & Trust Company,,246956,6082,WWW.ALVASTATEBANK.COM,73717,
VALOR BANK,First State Bank,129358,6084,valor.bank,73013,
"Welch State Bank of Welch, Okla.",,416656,6087,https://www.welchstatebank.com,74369,
Clackamas County Bank,,641579,6094,www.clackamascountybank.com,97055,
Peoples Bank,Peoples' Bank of Clifton,148238,6095,pbbanking.com,38425,
Thread Bank,Civis Bank,841838,6103,www.thread.bank,37857,
Iowa State Bank,,734248,618,www.bankisb.com,50511,
Movement Bank,First State Bank,722227,6104,www.movementbank.com,24540,
The Bank of Marion,,858528,6107,www.bankofmarionva.com,24354,
Cherokee State Bank,,205542,619,www.cherokeestatebank.com,51012,
Cleveland State Bank,,48440,6116,www.clevelandstate.bank,53015,
Bristol Morgan Bank,Bank of Oakfield,807348,6120,https://bristolmorganbank.com,53065,
The Pineries Bank,Mattoon State Bank,674344,6122,http://www.pineries.com,54481,
State Bank of Newburg,,228345,6125,www.newburg.bank,53060,
Bankers Trust Company,"Bankers Trust Company, National Association",811046,621,www.bankerstrust.com,50309,
Community State Bank,State Bank of Union Grove,130345,6132,WWW.CSB.BANK,53182,
FNB Bank,First National Bank,617743,622,http://www.fnbfontanelle.com,50846,
Connection Bank,Fort Madison Savings Bank,624246,623,WWW.MYCONNECTIONBANK.COM,52627,
Glenwood State Bank,,566243,624,https://www.glenwoodstatebank.com,51534,
United Bank of Iowa,Ida County State Bank,738040,626,www.unitedbk.bank,51445,
Local Bank,The Peoples Bank of Red Level,470434,6142,mylocal.bank,35406,
Sweet Water State Bank,,253730,6143,www.sweetwaterstbk.com,36782,
First Bank,First Bank of Clewiston,131436,6147,www.first1bank.com,33440,
Capital City Bank,Havana State Bank,876634,6149,www.ccbg.com,32301,
The Home Trust & Savings Bank,The Home Trust and Savings Bank,60545,631,www.hometrustbank.com,50461,
Alliance Community Bank,Athens State Bank,924937,6156,http://www.bankacb.com,62675,
Fortress Bank,First State Bank of Western Illinois,953535,6157,www.bankfortress.com,61615,
Citizens Bank,,44741,6169,www.citizens-banking.com,46158,
"The Citizens State Bank of Cheney, Kansas",,924254,6177,www.csbcheneyks.com,67025,
State Bank of Downs,,792453,6178,www.statebankofdowns.com,67437,
Home State Bank,,472045,633,www.hsbroyal.com,51357,
Bank of Holyrood,The Bank of Holyrood,871358,6180,www.bankofholyrood.com,67450,
Kaw Valley Bank,The Kaw Valley State Bank and Trust Company,485456,6184,www.kawvalleybank.com,66608,
Fredonia Valley Bank,,502447,6187,www.fredoniavalleybank.com,42411,
Owingsville Banking Company,,492810,6188,www.bankobc.com; www.bankobc.net,40360,
Edmonton State Bank,,845247,6193,www.edmontonstatebank.com,42141,
Security Trust & Savings Bank,,363648,635,www.securitybanksl.com,50588,
Templeton Savings Bank,,366247,636,www.templetonsavingsbank.com,51463,
Rockland Trust Company,,613008,6212,http://www.rocklandtrust.com,02370,
Oxford Bank,Oxford Savings Bank,448040,6216,www.oxfordbank.com,48371,
Concorde Bank,State Bank of Blomkest,273653,6219,http://www.concordebanks.com,56216,
First Security Bank,State Bank of Byron,109154,6220,WWW.fsbbyron.com,55920,
Vantage Bank,Kent State Bank,58355,6224,www.vantagebankmn.com,56553,
State Bank of New Richland,,874452,6226,WWW.SBNR.BIZ,56072,
Midwest Bank,"Farmers State Bank of Waubun, Incorporated",806958,6227,midwestbank.net,56501,
Home State Bank,Home State Bank of Kandiyohi,983550,6233,www.hsbofmn.com,55355,
"Northwestern Bank, National Association",The Northwestern State Bank of Ulen,207555,6234,www.nwbanks.com,56529,
Vergas State Bank,First State Bank of Laporte,804150,6235,www.vergasstatebank.com,56587,
21st Century Bank,"Crosstown State Bank of Ham Lake, Inc.",340256,6238,www.21stcenturybank.com,55357,
Marshall County State Bank,Marshall County State Bank of Holt,720157,6239,www.mcsbnewfolden.com,56738,
Blissfield State Bank,The Blissfield State Bank,937843,642,www.blissfieldstate.com,49228,
Community Bank Mankato,Community Bank Vernon Center,835257,6245,http://www.cbfg.net,56090,
The First State Bank of Rosemount,,760957,6253,www.fsbrosemount.com,55068,
Tri-County Bank,Brown City Savings Bank,695349,643,www.tri-countybank.bank,48416,
First State Bank Southwest,First State Bank of Rushmore,823656,6254,www.firststatebanksw.com,56164,
Security State Bank of Warroad,,868059,6257,http://www.ssbwarroad.com,56763,
Bank of Kilmichael,,780049,6259,www.bankofkilmichael.com,39747,
Citizens Bank & Trust Co.,,729945,6260,www.cbt-co.com,38646,
Bloomsdale Bank,Bank of Bloomsdale,820842,6268,www.bloomsdalebank.com,63627,
Commercial Trust Company of Fayette,,709451,6270,www.commercialtrust.com,65248,
Kearney Trust Company,,814551,6273,www.kearneytrust.com,64060,
M1 Bank,The Bank of Macks Creek,666059,6276,www.m1.bank,63105,
Bank of Odessa,,819453,6278,WWW.BANKOFODESSA.COM,64076,
Adams State Bank,,332756,6284,www.adamsstate.com,68301,
Platte Valley Bank,,45056,6290,www.pvbonline.com,68649,
Nebraska State Bank,,911759,6291,www.fsa-loans.com,69154,
Eastern Michigan Bank,State Bank of Croswell,643340,646,www.emb.bank,48422,
State Bank of Table Rock,,660253,6293,www.tablerockbank.com,68447,
Comerica Bank,Comerica Bank-Detroit,60143,647,www.comerica.com,75201,
Alden State Bank,,414102,6295,www.aldenstate.com,14004,
Truist Bank,Branch Banking and Trust Company,852320,6300,www.Truist.com,28202,
The St. Henry Bank,,568126,6313,www.sthenrybank.com,45883,
BANK360,Bank of Cordell,464853,6316,https://bank360.bank,73632,
First State Bank,"First State Bank, Noble, Okla.",99853,6320,https://www.fsbnoble.com,73068,
Security Bank and Trust Company,,19356,6322,www.sbtmiami.com,74354,
The Dime Bank,Honesdale Dime Bank,56717,6326,www.thedime.bank,18431,
Mid Penn Bank,,786612,6327,www.midpennbank.com,17061,
Bank of Delight,,455945,79,www.bankofdelight.com,71940,
Anderson Brothers Bank,Anderson Brothers Bankers,6329,6346,www.abbank.com,29574,
"Commercial State Bank, of Wagner",,129853,6350,www.commercialstate.com,57380,
Rivers Edge Bank,Farmers State Bank,474450,6352,www.riversedge.bank,57043,
F&M Bank,Farmers and Merchants Bank,741330,6368,www.myfmbank.com,37040,
American State Bank,Arp State Bank,262358,6370,www.asb.com,75750,
First State Bank of Uvalde,,273662,6378,www.fsbuvalde.bank,78801,
Farmers & Merchants Bank of Craig County,,804422,6381,www.fmbankcraig.com,24127,
G. W. Jones Exchange Bank,,540542,660,www.gwjonesbank.com,49067,
Jefferson Security Bank,,786733,6390,https://www.jsb.bank,25443,
Capon Valley Bank,The Capon Valley Bank,18836,6391,www.caponvalleybank.com,26851,